first_name,second_name,total_points_2022-23,total_points_2023-24,delta
Tyler,Adams,47,5,-42
Tosin,Adarabioyo,49,66,17
Tayo,Adaramola,0,0,0
Nayef,Aguerd,58,36,-22
Naouirou,Ahamada,7,16,9
Kristoffer,Ajer,29,68,39
Manuel,Akanji,82,112,30
Nathan,Aké,92,99,7
Thiago,Alcántara do Nascimento,30,1,-29
Trent,Alexander-Arnold,156,122,-34
Dele,Alli,2,0,-2
Miguel,Almirón Rejala,158,77,-81
Carlos Vinícius,Alves Morais,72,22,-50
Cédric,Alves Soares,10,3,-7
Steven,Alzate,0,0,0
Ethan,Ampadu,0,0,0
Joseph,Anang,0,0,0
Joachim,Andersen,80,121,41
Elliot,Anderson,30,42,12
Jaidon,Anthony,61,3,-58
Michail,Antonio,84,78,-6
Joelinton Cássio,Apolinário de Lira,115,45,-70
Cameron,Archer,6,82,76
Alphonse,Areola,7,116,109
Kepa,Arrizabalaga,118,0,-118
Harry,Arter,0,0,0
Harrison,Ashby,0,0,0
Pierre-Emerick,Aubameyang,25,0,-25
Serge,Aurier,70,27,-43
Brandon,Austin,0,0,0
Taiwo,Awoniyi,100,67,-33
Yasin,Ayari,3,0,-3
Jordan,Ayew,104,109,5
César,Azpilicueta,45,0,-45
Rayan,Aït-Nouri,41,77,36
Benoît,Badiashile,40,35,-5
Leon,Bailey,100,148,48
Eric,Bailly,0,0,0
Stefan,Bajcetic,22,1,-21
Ellery,Balcombe,0,0,0
Mauro,Bandeira,0,0,0
Shandon,Baptiste,29,19,-10
Ross,Barkley,0,101,101
Harvey,Barnes,138,64,-74
Mads,Bech Sørensen,4,0,-4
Rhys,Bennett,0,0,0
Saïd,Benrahma,106,20,-86
Rodrigo,Bentancur,71,32,-39
Daniel,Bentley,6,18,12
Marcus,Bettinelli,0,-1,-1
Giulian,Biancone,2,0,-2
Mads,Bidstrup,0,0,0
Philip,Billing,126,60,-66
Yves,Bissouma,27,44,17
Willy,Boly,37,58,21
Bruno,Borges Fernandes,176,166,-10
Willian,Borges da Silva,116,94,-22
Sven,Botman,129,51,-78
Jarrod,Bowen,145,182,37
Jarrad,Branthwaite,0,124,124
Armando,Broja,21,35,14
David,Brooks,5,23,18
Emiliano,Buendía Stati,117,0,-117
Hugo,Bueno López,41,29,-12
Facundo,Buonanotte,26,57,31
Dan,Burn,129,97,-32
Nélson,Cabral Semedo,75,63,-12
Moisés,Caicedo Corozo,79,84,5
Tom,Cairney,53,70,17
Dominic,Calvert-Lewin,40,101,61
João,Cancelo,73,0,-73
Thomas,Cannon,2,1,-1
Sergi,Canós Tenés,5,0,-5
Scott,Carson,0,0,0
Kaelan,Casey,0,1,1
Matty,Cash,57,64,7
Carlos Henrique,Casimiro,87,58,-29
Timothy,Castagne,114,105,-9
Daniel,Castelo Podence,92,0,-92
Jonathan,Castro Otto,45,1,-44
Trevoh,Chalobah,49,39,-10
Calum,Chambers,13,6,-7
Luke,Chambers,0,0,0
Shea,Charles,1,0,-1
Ben,Chilwell,70,24,-46
Ryan,Christie,64,90,26
Carney,Chukwuemeka,18,16,-2
Bobby,Clark,1,5,4
Nathaniel,Clyne,44,52,8
Seamus,Coleman,63,30,-33
Nathan,Collins,49,84,35
Levi,Colwill,46,65,19
Lewis,Cook,51,77,26
Steve,Cook,20,0,-20
Maxwel,Cornet,14,13,-1
Philippe,Coutinho Correia,32,2,-30
Conor,Coventry,1,0,-1
Matthew,Cox,0,0,0
Aaron,Cresswell,74,10,-64
Marc,Cucurella Saseta,65,44,-21
Luke,Cundle,0,0,0
Michael,Dacosta Gonzalez,0,0,0
Diogo,Dalot Teixeira,102,111,9
Mikkel,Damsgaard,33,45,12
Karl,Darlow,0,0,0
Josh,Dasilva,81,3,-78
Ben,Davies,0,34,34
Tom,Davies,19,7,-12
Keinan,Davis,0,0,0
Craig,Dawson,75,69,-6
Kevin,De Bruyne,183,98,-85
Bobby,De Cordova-Reid,90,92,2
Siriki,Dembélé,6,0,-6
Leander,Dendoncker,37,20,-17
Emmanuel,Dennis,39,0,-39
Halil,Dervişoğlu,4,0,-4
Amad,Diallo,0,23,23
Matthew,Dibley-Dias,0,0,0
Eric,Dier,96,2,-94
Lucas,Digne,50,85,35
Issa,Diop,79,43,-36
Ben,Doak,2,1,-1
Matt,Doherty,35,41,6
Abdoulaye,Doucouré,76,116,40
Cheick,Doucouré,74,21,-53
Flynn,Downes,27,0,-27
Mohamed,Dräger,0,0,0
Martin,Dubravka,11,75,64
Paul,Dummett,0,5,5
Lewis,Dunk,112,89,-23
Jhon,Durán,11,50,39
Luis,Díaz,62,142,80
Malcolm,Ebiowei,3,0,-3
Odsonne,Edouard,82,79,-3
Anthony,Elanga,23,119,96
Harvey,Elliott,62,96,34
Mohamed,Elneny,6,6,0
Thiago,Emiliano da Silva,80,98,18
Julio,Enciso,57,20,-37
Christian,Eriksen,103,48,-55
Pervis,Estupiñán,128,57,-71
Jonny,Evans,20,49,29
Eberechi,Eze,159,136,-23
Lukasz,Fabianski,127,24,-103
Evan,Ferguson,65,69,4
Gabriel,Fernando de Jesus,125,85,-40
Enzo,Fernández,42,77,35
Fábio,Ferreira Vieira,40,24,-16
Phil,Foden,142,230,88
David Datro,Fofana,3,50,47
Wesley,Fofana,37,0,-37
Pablo,Fornals Malla,71,19,-52
Fraser,Forster,40,0,-40
Tyrese,Francois,1,0,-1
Nathan,Fraser,0,7,7
Ryan,Fraser,11,0,-11
Ryan,Fredericks,12,0,-12
Jorge Luiz,Frello Filho,79,44,-35
Remo,Freuler,54,0,-54
Gustavo Henrique,Furtado Scarpa,5,0,-5
Cody,Gakpo,90,106,16
Conor,Gallagher,66,129,63
Gonçalo Manuel,Ganchinho Guedes,29,0,-29
Alejandro,Garnacho,39,131,92
James,Garner,25,87,62
Rúben,Gato Alves Dias,80,88,8
Jean-Philippe,Gbamin,0,0,0
Saman,Ghoddos,15,26,11
Morgan,Gibbs-White,145,142,-3
Bryan,Gil Salvatierra,9,12,3
Alfie,Gilchrist,0,20,20
Mark,Gillespie,0,0,0
Billy,Gilmour,21,61,40
Ben,Godfrey,18,37,19
Toti António,Gomes,43,82,39
João Victor,Gomes da Silva,21,75,54
Charlie,Goode,0,0,0
Anthony,Gordon,68,183,115
John-Kymani,Gordon,0,0,0
Demarai,Gray,91,0,-91
Jack,Grealish,121,50,-71
Ben,Greenwood,0,0,0
Harvey,Griffiths,0,0,0
Pascal,Groß,159,153,-6
Vicente,Guaita,99,0,-99
Idrissa,Gueye,66,73,7
Bruno,Guimarães Rodriguez Moura,107,153,46
Marc,Guéhi,95,66,-29
Sergio,Gómez,21,9,-12
Erling,Haaland,272,217,-55
Lewis,Hall,19,38,19
Luke,Harris,3,2,-1
Jack,Harrison,134,92,-42
Kortney,Hause,0,0,0
Kai,Havertz,102,180,78
Tom,Heaton,0,0,0
Hwang,Hee-chan,60,125,65
Karl,Hein,0,0,0
Dean,Henderson,82,48,-34
Jordan,Henderson,69,0,-69
Jeff,Hendrick,0,0,0
Wayne,Hennessey,8,0,-8
Rico,Henry,112,13,-99
Rodrigo,Hernandez,108,159,51
Son,Heung-min,152,213,61
Aaron,Hickey,63,17,-46
James,Hill,0,5,5
Jack,Hinshelwood,1,42,41
Andreas,Hoelgebaum Pereira,123,127,4
Rob,Holding,21,0,-21
Mason,Holgate,16,1,-15
Callum,Hudson-Odoi,0,109,109
Will,Hughes,41,61,20
Bashir,Humphreys,0,0,0
Pierre-Emile,Højbjerg,120,39,-81
Danny,Ings,97,36,-61
Tim,Iroegbunam,0,10,10
Alexander,Isak,100,172,72
Alex,Iwobi,126,102,-24
Reece,James,44,11,-33
Vitaly,Janelt,85,93,8
Mathias,Jensen,132,98,-34
Raúl,Jiménez,29,72,43
Ben,Johnson,29,17,-12
Brennan,Johnson,122,131,9
Sam,Johnstone,36,68,32
Curtis,Jones,52,40,-12
Mathias,Jorgensen,45,29,-16
Sasa,Kalajdzic,1,24,23
Boubacar,Kamara,44,40,-4
Harry,Kane,263,0,-263
Loris,Karius,0,1,1
Michael,Keane,39,18,-21
Thilo,Kehrer,67,2,-65
Caoimhin,Kelleher,2,34,32
Lloyd,Kelly,60,48,-12
Max,Kilman,109,82,-27
Jakub,Kiwior,26,67,41
Anthony,Knockaert,0,0,0
Ibrahima,Konaté,49,56,7
Terence,Kongolo,0,0,0
Ezri,Konsa Ngoyo,110,91,-19
Cheikhou,Kouyaté,35,12,-23
Kacper,Kozłowski,0,0,0
Emil,Krafth,1,33,32
Dejan,Kulusevski,96,130,34
Garang,Kuol,0,0,0
Adam,Lallana,47,30,-17
Tariq,Lamptey,23,31,8
Aymeric,Laporte,40,1,-39
Richie,Laryea,0,0,0
Jamaal,Lascelles,3,46,43
Roméo,Lavia,57,1,-56
Emerson,Leite de Souza Junior,86,27,-59
Mario,Lemina,35,95,60
Clément,Lenglet,63,24,-39
Bernd,Leno,142,133,-9
Jefferson,Lerma Solís,101,64,-37
Jamal,Lewis,2,0,-2
Rico,Lewis,29,52,23
Keane,Lewis-Potter,14,73,59
Victor,Lindelöf,57,62,5
Tino,Livramento,2,45,43
Hugo,Lloris,89,0,-89
Pedro,Lomba Neto,37,86,49
Andy,Lonergan,0,0,0
Sean,Longstaff,93,110,17
Jamal,Lowe,2,0,-2
Alexis,Mac Allister,140,109,-31
James,Maddison,135,117,-18
Noni,Madueke,26,76,50
Harry,Maguire,39,73,34
Riyad,Mahrez,126,0,-126
Kobbie,Mainoo,1,77,76
Tyrell,Malacia,62,0,-62
José,Malheiro de Sá,148,107,-41
Orel,Mangala,50,40,-10
Javier,Manquillo Gaitán,4,0,-4
Solly,March,147,39,-108
Emiliano,Marcondes,1,0,-1
Filip,Marschall,0,0,0
Anthony,Martial,66,25,-41
Gabriel,Martinelli Silva,198,118,-80
Lisandro,Martínez,81,15,-66
Emiliano,Martínez Romero,135,115,-20
Jean-Philippe,Mateta,41,165,124
Joel,Matip,36,21,-15
Remi,Matthews,0,1,1
Neal,Maupay,41,76,35
Kevin,Mbabu,7,0,-7
Loïc,Mbe Soh,0,0,0
Bryan,Mbeumo,150,127,-23
James,McAtee,0,77,77
Tom,McGill,0,0,0
John,McGinn,90,119,29
Scott,McKenna,40,12,-28
Dwight,McNeil,126,124,-2
Scott,McTominay,36,98,62
Ben,Mee,143,39,-104
Chris,Mepham,43,16,-27
Alex,Mighten,1,0,-1
Lewis,Miley,1,44,43
James,Milner,42,28,-14
Tyrone,Mings,130,0,-130
Tyrick,Mitchell,93,119,26
Kaoru,Mitoma,138,74,-64
Aleksandar,Mitrović,107,1,-106
Jakub,Moder,0,21,21
Kieffer,Moore,57,14,-43
Alexandre,Moreno Lopera,72,49,-23
Mason,Mount,82,23,-59
Divin,Mubama,3,5,2
Mykhailo,Mudryk,25,94,69
Rodrigo,Muniz Carvalho,0,97,97
Norberto,Murara Neto,93,110,17
Jacob,Murphy,78,82,4
Vitalii,Mykolenko,75,101,26
Marvelous,Nakamba,0,21,21
Andrey,Nascimento dos Santos,0,1,1
Reiss,Nelson,42,16,-26
Ivan,Neves Abreu Cavaleiro,0,0,0
Moussa,Niakhaté,25,29,4
Eddie,Nketiah,63,71,8
Matheus Luiz,Nunes,80,32,-48
Ethan,Nwaneri,1,1,0
Christian,Nørgaard,71,74,3
Darwin,Núñez Ribeiro,100,132,32
Lewis,O'Brien,22,0,-22
Tommi,O'Reilly,0,0,0
Odeluga,Offiah,1,4,3
Angelo,Ogbonna,44,19,-25
Braian,Ojeda Rodríguez,0,0,0
Michael,Olakigbe,0,8,8
Michael,Olise,132,125,-7
Marcus,Oliveira Alencar,1,0,-1
Robin,Olsen,10,17,7
Amadou,Onana,77,66,-11
Frank,Onyeka,38,39,1
Stefan,Ortega Moreno,23,22,-1
Dango,Ouattara,49,56,7
David,Ozoh,1,8,7
João,Palhinha Gonçalves,83,91,8
Cole,Palmer,19,244,225
Emerson,Palmieri dos Santos,39,82,43
Jonathan,Panzo,0,0,0
Thomas,Partey,86,24,-62
Nathan,Patterson,31,34,3
Ben,Pearson,9,0,-9
Facundo,Pellistri Rebollo,4,13,9
Ivan,Perišić,94,6,-88
Máximo,Perrone,1,0,-1
Cameron,Peupion,1,0,-1
Kalvin,Phillips,14,10,-4
Nathaniel,Phillips,3,0,-3
Jaden,Philogene-Bidace,0,1,1
Jordan,Pickford,124,153,29
Ethan,Pinnock,112,77,-35
Luke,Plange,0,0,0
Nick,Pope,157,57,-100
Pedro,Porro,59,136,77
Christian,Pulisic,39,0,-39
Nicolas,Pépé,0,0,0
Jesurun,Rak-Sakyi,0,8,8
Aaron,Ramsdale,143,20,-123
Alisson,Ramses Becker,162,107,-55
Jacob,Ramsey,135,29,-106
Darren,Randolph,0,0,0
Marcus,Rashford,205,108,-97
David,Raya Martin,166,135,-31
Tim,Ream,98,40,-58
Nathan,Redmond,1,11,10
Harrison,Reed,107,47,-60
Sergio,Reguilón,0,74,74
Declan,Rice,116,165,49
Chris,Richards,13,62,49
Omar,Richards,0,0,0
Jairo,Riedewald,6,12,6
Matt,Ritchie,7,17,10
Andrew,Robertson,121,76,-45
Antonee,Robinson,93,104,11
Kaden,Rodney,0,0,0
Joe,Rodon,0,0,0
Frederico,Rodrigues de Paula Santos,62,0,-62
Marek,Rodák,7,-1,-8
Mads,Roerslev Rasmussen,48,75,27
Cristian,Romero,66,107,41
Joe,Rothwell,33,13,-20
Dominic,Sadi,0,1,1
Allan,Saint-Maximin,66,0,-66
Bukayo,Saka,202,226,24
Mohamed,Salah,239,211,-28
William,Saliba,117,164,47
Albert,Sambi Lokonga,23,47,24
Ishé,Samuels-Smith,0,0,0
Adrián,San Miguel del Castillo,0,0,0
Jadon,Sancho,105,3,-102
Morgan,Sanson,2,0,-2
Ederson,Santana de Moraes,121,112,-9
Matheus,Santos Carneiro Da Cunha,39,135,96
Diego Carlos,Santos Silva,4,55,51
Pablo,Sarabia,27,99,72
Jeremy,Sarmiento Morante,16,0,-16
Malang,Sarr,0,0,0
Pape Matar,Sarr,14,86,72
Gianluca,Scamacca,41,0,-41
Dane,Scarlett,0,4,4
Kevin,Schade,29,33,4
Kjell,Scherpen,0,0,0
Jeffrey,Schlupp,89,66,-23
Fabian,Schär,139,123,-16
Kristian,Sekularac,0,0,0
Antoine,Semenyo,18,107,89
Marcos,Senesi,69,102,33
Ryan,Sessegnon,35,0,-35
Luke,Shaw,124,31,-93
George,Shelvey,0,0,0
Jonjo,Shelvey,16,0,-16
Shola,Shoretire,0,0,0
Ellis,Simms,17,0,-17
Viljami,Sinisalo,0,0,0
Oliver,Skipp,43,22,-21
Adam,Smith,74,80,6
Emile,Smith Rowe,18,25,7
Douglas Luiz,Soares de Paulo,142,148,6
Dominic,Solanke,130,175,45
Manor,Solomon,44,14,-30
Djed,Spence,4,0,-4
Jay,Stansfield,7,0,-7
Jason,Steele,65,42,-23
Zack,Steffen,0,0,0
Raheem,Sterling,101,123,22
John,Stones,93,53,-40
Thomas,Strakosha,0,4,4
Sam,Surridge,26,0,-26
Davinson,Sánchez,28,0,-28
Robert,Sánchez,82,59,-23
Japhet,Tanganga,4,0,-4
Matt,Targett,35,2,-33
James,Tarkowski,106,117,11
Fabio Henrique,Tavares,70,0,-70
André,Tavares Gomes,0,20,20
Marcus,Tavernier,94,89,-5
Diogo,Teixeira da Silva,80,110,30
Alex,Telles,0,0,0
Kenny,Tete,90,27,-63
Luke,Thomas,28,7,-21
Youri,Tielemans,86,77,-9
Kieran,Tierney,37,0,-37
Harry,Toffolo,30,52,22
Lucas,Tolentino Coelho de Lima,98,100,2
Takehiro,Tomiyasu,32,70,38
James,Tomkins,8,3,-5
Francisco Jorge,Tomás Oliveira,0,0,0
Ivan,Toney,182,57,-125
Andros,Townsend,0,61,61
Hamed,Traorè,14,3,-11
Bertrand,Traoré,20,2,-18
Boubacar,Traoré,14,25,11
Mark,Travers,28,19,-9
Ryan,Trevitt,0,0,0
Kieran,Trippier,198,111,-87
Leandro,Trossard,154,138,-16
Konstantinos,Tsimikas,48,48,0
Matt,Turner,0,41,41
Deniz,Undav,52,0,-52
Raphaël,Varane,77,44,-33
Nuno,Varela Tavares,0,11,11
Bernardo,Veiga de Carvalho e Silva,106,141,35
Joël,Veltman,95,49,-46
Kyle,Walker,69,123,54
Reuell,Walters,0,0,0
Aaron,Wan-Bissaka,67,47,-20
Joel,Ward,78,54,-24
James,Ward-Prowse,142,146,4
Lewis,Warrington,0,1,1
Ollie,Watkins,175,228,53
Adam,Webster,75,26,-49
Wout,Weghorst,24,0,-24
Danny,Welbeck,91,79,-12
Timo,Werner,0,46,46
Benjamin,White,156,182,26
Brandon,Williams,0,0,0
Neco,Williams,54,39,-15
Joe,Willock,123,18,-105
Callum,Wilson,157,69,-88
Harry,Wilson,68,94,26
Yoane,Wissa,111,131,20
Chris,Wood,53,131,78
Joe,Worrall,61,13,-48
James,Wright,0,0,0
Granit,Xhaka,153,0,-153
Ryan,Yates,53,59,6
Ashley,Young,87,76,-11
Kadan,Young,0,0,0
Illia,Zabarnyi,7,84,77
Oleksandr,Zinchenko,99,104,5
Hakim,Ziyech,33,0,-33
Kurt,Zouma,88,76,-12
Oliwier,Zych,0,0,0
Felipe Augusto,de Almeida Monteiro,25,7,-18
Richarlison,de Andrade,54,122,68
Yago,de Santiago Alonso,0,0,0
Antony Matheus,dos Santos,82,47,-35
Gabriel,dos Santos Magalhães,146,149,3
Danilo,dos Santos de Oliveira,48,65,17
Virgil,van Dijk,127,117,-10
Jan Paul,van Hecke,6,61,55
Donny,van de Beek,8,1,-7
Sepp,van den Berg,0,0,0
Julián,Álvarez,103,158,55
Martin,Ødegaard,212,186,-26
Matija,Šarkić,0,0,0
