first_name,second_name,total_points_2023-24,total_points_2024-25,delta
Max,Aarons,28,8,-20
Josh,Acheampong,1,4,3
Tyler,Adams,5,58,53
Tosin,Adarabioyo,66,71,5
Simon,Adingra,97,60,-37
Nayef,Aguerd,36,0,-36
Naouirou,Ahamada,16,0,-16
Kristoffer,Ajer,68,39,-29
Manuel,Akanji,112,61,-51
Nathan,Aké,99,25,-74
Trent,Alexander-Arnold,122,148,26
Miguel,Almirón Rejala,77,10,-67
Carlos Vinícius,Alves Morais,22,3,-19
Harry,Amass,0,4,4
Joachim,Andersen,121,51,-70
Elliot,Anderson,42,107,65
Jaidon,Anthony,3,0,-3
Michail,Antonio,78,42,-36
Joelinton Cássio,Apolinário de Lira,45,99,54
Cameron,Archer,82,57,-25
Alphonse,Areola,116,69,-47
Kepa,Arrizabalaga,0,106,106
Brandon,Austin,0,1,1
Taiwo,Awoniyi,67,32,-35
Yasin,Ayari,0,74,74
Jordan,Ayew,109,75,-34
Rayan,Aït-Nouri,77,125,48
Benoît,Badiashile,35,7,-28
Leon,Bailey,148,47,-101
Benicio,Baker-Boaitey,4,0,-4
Carlos,Baleba,34,87,53
Valentín,Barco,5,0,-5
Ross,Barkley,101,44,-57
Harvey,Barnes,64,130,66
Calvin,Bassey,66,75,9
Altay,Bayindir,0,8,8
Jean-Ricner,Bellegarde,45,90,45
Rodrigo,Bentancur,32,49,17
Daniel,Bentley,18,9,-9
Sander,Berge,74,53,-21
Marcus,Bettinelli,-1,0,1
Philip,Billing,60,10,-50
Yves,Bissouma,44,50,6
Oscar,Bobb,30,3,-27
Willy,Boly,58,6,-52
Bruno,Borges Fernandes,166,174,8
Willian,Borges da Silva,94,13,-81
Sven,Botman,51,18,-33
Jarrod,Bowen,182,193,11
Conor,Bradley,50,41,-9
Jarrad,Branthwaite,124,88,-36
Armando,Broja,35,12,-23
David,Brooks,23,52,29
Emiliano,Buendía Stati,0,11,11
Santiago,Bueno,13,52,39
Hugo,Bueno López,29,0,-29
Facundo,Buonanotte,57,75,18
Dan,Burn,97,115,18
Nélson,Cabral Semedo,63,84,21
Moisés,Caicedo Corozo,84,98,14
Tom,Cairney,70,33,-37
Dominic,Calvert-Lewin,101,63,-38
Cesare,Casadei,11,0,-11
Kaelan,Casey,1,1,0
Matty,Cash,64,76,12
Carlos Henrique,Casimiro,58,48,-10
Timothy,Castagne,105,46,-59
Daniel,Castelo Podence,0,2,2
Trevoh,Chalobah,39,93,54
Ben,Chilwell,24,13,-11
Tawanda,Chirewa,8,0,-8
Leon,Chiwome,5,0,-5
Ryan,Christie,90,76,-14
Carney,Chukwuemeka,16,0,-16
Bobby,Clark,5,0,-5
Nathaniel,Clyne,52,18,-34
Nathan,Collins,84,127,43
Toby,Collyer,0,6,6
Levi,Colwill,65,109,44
Lewis,Cook,77,82,5
Maxwel,Cornet,13,1,-12
Vladimír,Coufal,85,27,-58
Aaron,Cresswell,10,36,26
Marc,Cucurella Saseta,44,133,89
Mahmoud,Dahoud,14,0,-14
Diogo,Dalot Teixeira,111,95,-16
Mikkel,Damsgaard,45,131,86
Jayden,Danns,1,1,0
Josh,Dasilva,3,0,-3
Ben,Davies,34,28,-6
Craig,Dawson,69,17,-52
Kevin,De Bruyne,98,114,16
Bobby,De Cordova-Reid,92,48,-44
Leander,Dendoncker,20,0,-20
Moussa,Diaby,142,0,-142
Amad,Diallo,23,129,106
Lucas,Digne,85,89,4
Issa,Diop,43,31,-12
Axel,Disasi,71,33,-38
Ben,Doak,1,0,-1
Lewis,Dobbin,18,0,-18
Matt,Doherty,41,75,34
Jérémy,Doku,98,88,-10
Nicolás,Domínguez,67,54,-13
Alfie,Dorrington,0,1,1
Abdoulaye,Doucouré,116,94,-22
Cheick,Doucouré,21,19,-2
Flynn,Downes,0,48,48
Tommy,Doyle,38,28,-10
Lewis,Dunk,89,44,-45
Jhon,Durán,50,53,3
Luis,Díaz,142,183,41
George,Earthy,8,0,-8
Odsonne,Edouard,79,7,-72
Anthony,Elanga,119,153,34
Harvey,Elliott,96,33,-63
Julio,Enciso,20,59,39
Christian,Eriksen,48,45,-3
Pervis,Estupiñán,57,63,6
Jonny,Evans,49,15,-34
Eberechi,Eze,136,148,12
Romain,Faivre,4,0,-4
Evan,Ferguson,69,28,-41
Gabriel,Fernando de Jesus,85,42,-43
Enzo,Fernández,77,135,58
Fábio,Ferreira Vieira,24,0,-24
Mark,Flekken,119,138,19
Phil,Foden,230,105,-125
Wes,Foderingham,70,0,-70
David Datro,Fofana,50,0,-50
Wesley,Fofana,0,26,26
Fraser,Forster,0,19,19
Matheus,França de Oliveira,16,9,-7
Nathan,Fraser,7,0,-7
Ryan,Fraser,0,7,7
Jorge Luiz,Frello Filho,44,20,-24
Cody,Gakpo,106,127,21
Conor,Gallagher,129,0,-129
Gonçalo Manuel,Ganchinho Guedes,0,62,62
Alejandro,Garnacho,131,106,-25
James,Garner,87,42,-45
Rúben,Gato Alves Dias,88,90,2
Tyrique,George,0,17,17
Morgan,Gibbs-White,142,154,12
Bryan,Gil Salvatierra,12,0,-12
Alfie,Gilchrist,20,0,-20
Billy,Gilmour,61,3,-58
Ben,Godfrey,37,-1,-38
Toti António,Gomes,82,79,-3
Norberto Bercique,Gomes Betuncal,50,87,37
João Victor,Gomes da Silva,75,87,12
Joe,Gomez,76,14,-62
Enso,González,1,0,-1
Anthony,Gordon,183,124,-59
Ryan,Gravenberch,45,92,47
Jack,Grealish,50,38,-12
Pascal,Groß,153,0,-153
Idrissa,Gueye,73,89,16
Bruno,Guimarães Rodriguez Moura,153,135,-18
Malo,Gusto,74,60,-14
Marc,Guéhi,66,116,50
Joško,Gvardiol,123,153,30
Erling,Haaland,217,181,-36
Lewis,Hall,38,102,64
Luke,Harris,2,0,-2
Jack,Harrison,92,81,-11
Kai,Havertz,180,97,-83
Hwang,Hee-chan,125,37,-88
Dean,Henderson,48,135,87
Rico,Henry,13,4,-9
Son,Heung-min,213,129,-84
Aaron,Hickey,17,0,-17
James,Hill,5,17,12
Jack,Hinshelwood,42,89,47
Andreas,Hoelgebaum Pereira,127,81,-46
Mason,Holgate,1,1,0
Callum,Hudson-Odoi,109,103,-6
Will,Hughes,61,67,6
Pierre-Emile,Højbjerg,39,0,-39
Rasmus,Højlund,112,78,-34
Danny,Ings,36,32,-4
Tim,Iroegbunam,10,22,12
Alexander,Isak,172,211,39
Alex,Iwobi,102,156,54
Nicolas,Jackson,142,121,-21
Reece,James,11,54,43
Vitaly,Janelt,93,73,-20
Daniel,Jebbison,1,20,19
Mathias,Jensen,98,38,-60
Raúl,Jiménez,72,147,75
Ben,Johnson,17,30,13
Brennan,Johnson,131,137,6
Sam,Johnstone,68,12,-56
Curtis,Jones,40,87,47
Mathias,Jorgensen,29,0,-29
João Pedro,Junqueira de Jesus,104,126,22
Issa,Kaboré,34,0,-34
Boubacar,Kamara,40,57,17
Michael,Keane,18,48,30
Caoimhin,Kelleher,34,45,11
Lloyd,Kelly,48,12,-36
Omari,Kellyman,2,0,-2
Milos,Kerkez,59,134,75
Kaine,Kesler-Hayden,3,0,-3
Max,Kilman,82,82,0
Tom,King,0,1,1
Jakub,Kiwior,67,43,-24
Justin,Kluivert,100,158,58
Ibrahima,Konaté,56,106,50
Ezri,Konsa Ngoyo,91,103,12
Mateo,Kovačić,59,109,50
Emil,Krafth,33,17,-16
Mohammed,Kudus,137,106,-31
Dejan,Kulusevski,130,117,-13
Adam,Lallana,30,17,-13
Tariq,Lamptey,31,42,11
Jamaal,Lascelles,46,0,-46
Roméo,Lavia,1,26,25
Emerson,Leite de Souza Junior,27,0,-27
Mario,Lemina,95,47,-48
Bernd,Leno,133,115,-18
Jefferson,Lerma Solís,64,58,-6
Rico,Lewis,52,66,14
Keane,Lewis-Potter,73,94,21
Myles,Lewis-Skelly,0,37,37
Victor,Lindelöf,62,27,-35
Tino,Livramento,45,105,60
Giovani,Lo Celso,47,0,-47
Pedro,Lomba Neto,86,104,18
Sean,Longstaff,110,34,-76
Saša,Lukić,43,56,13
Ian,Maatsen,11,57,46
Alexis,Mac Allister,109,122,13
James,Maddison,117,133,16
Noni,Madueke,76,120,44
Harry,Maguire,73,48,-25
Kobbie,Mainoo,77,42,-35
Tyrell,Malacia,0,2,2
José,Malheiro de Sá,107,93,-14
Orel,Mangala,40,39,-1
Solly,March,39,7,-32
Gabriel,Martinelli Silva,118,125,7
Lisandro,Martínez,15,68,53
Emiliano,Martínez Romero,115,111,-4
Jean-Philippe,Mateta,165,150,-15
Remi,Matthews,1,0,-1
Neal,Maupay,76,0,-76
Konstantinos,Mavropanos,40,45,5
Bryan,Mbeumo,127,236,109
James,McAtee,77,31,-46
James,McConnell,3,0,-3
John,McGinn,119,78,-41
Dwight,McNeil,124,93,-31
Scott,McTominay,98,2,-96
Ben,Mee,39,9,-30
Hannibal,Mejbri,11,0,-11
Chris,Mepham,16,0,-16
Lewis,Miley,44,21,-23
James,Milner,28,6,-22
Tyrone,Mings,0,47,47
Tyrick,Mitchell,119,123,4
Jakub,Moder,21,4,-17
Mikey,Moore,2,19,17
Yerson,Mosquera,0,3,3
Mason,Mount,23,25,2
Divin,Mubama,5,1,-4
Mykhailo,Mudryk,94,7,-87
Rodrigo,Muniz Carvalho,97,86,-11
Norberto,Murara Neto,110,7,-103
Arijanet,Muric,47,49,2
Alex,Murphy,2,0,-2
Jacob,Murphy,82,159,77
Daniel,Muñoz,56,142,86
Vitalii,Mykolenko,101,121,20
Andrey,Nascimento dos Santos,1,0,-1
Iliman,Ndiaye,0,114,114
Reiss,Nelson,16,27,11
Eddie,Nketiah,71,53,-18
Christopher,Nkunku,29,60,31
Matheus Luiz,Nunes,32,81,49
Ethan,Nwaneri,1,66,65
Christian,Nørgaard,74,107,33
Darwin,Núñez Ribeiro,132,66,-66
Jake,O'Brien,0,65,65
Dara,O'Shea,69,49,-20
Wilson,Odobert,82,34,-48
Odeluga,Offiah,4,0,-4
Chiedozie,Ogbene,84,7,-77
Robin,Olsen,17,9,-8
Andrew,Omobamidele,11,0,-11
Amadou,Onana,66,65,-1
André,Onana,133,120,-13
Frank,Onyeka,39,2,-37
Lewis,Orford,0,2,2
Stefan,Ortega Moreno,22,35,13
William,Osula,25,19,-6
Dango,Ouattara,56,111,55
David,Ozoh,8,0,-8
Mark,O’Mahony,2,0,-2
Cole,Palmer,244,214,-30
Emerson,Palmieri dos Santos,82,76,-6
Thomas,Partey,24,108,84
Nathan,Patterson,34,14,-20
Myles,Peart-Harris,3,0,-3
Facundo,Pellistri Rebollo,13,0,-13
Đorđe,Petrović,71,0,-71
Kalvin,Phillips,10,27,17
Jordan,Pickford,153,158,5
Ethan,Pinnock,77,47,-30
Nick,Pope,57,102,45
Pedro,Porro,136,98,-38
Jarell,Quansah,49,9,-40
Jesurun,Rak-Sakyi,8,0,-8
Youssef,Ramalho Chermiti,16,3,-13
Aaron,Ramsdale,20,97,77
Alisson,Ramses Becker,107,112,5
Jacob,Ramsey,29,66,37
Marcus,Rashford,108,95,-13
David,Raya Martin,135,142,7
Tim,Ream,40,0,-40
Harrison,Reed,47,10,-37
Sergio,Reguilón,74,2,-72
Declan,Rice,165,127,-38
Chris,Richards,62,68,6
Andrew,Robertson,76,91,15
Antonee,Robinson,104,106,2
Mads,Roerslev Rasmussen,75,36,-39
Morgan,Rogers,35,161,126
Cristian,Romero,107,49,-58
Dominic,Sadi,1,0,-1
Bukayo,Saka,226,127,-99
Mohamed,Salah,211,344,133
William,Saliba,164,130,-34
Jadon,Sancho,3,86,83
Ibrahim,Sangaré,25,20,-5
Ederson,Santana de Moraes,112,111,-1
Murillo,Santiago Costa dos Santos,58,130,72
Matheus,Santos Carneiro Da Cunha,135,178,43
Diego Carlos,Santos Silva,55,21,-34
Pablo,Sarabia,99,50,-49
Jeremy,Sarmiento Morante,0,1,1
Pape Matar,Sarr,86,71,-15
Dane,Scarlett,4,6,2
Kevin,Schade,33,149,116
Jeffrey,Schlupp,66,12,-54
Fabian,Schär,123,118,-5
Alex,Scott,41,26,-15
Matz,Sels,34,150,116
Antoine,Semenyo,107,165,58
Marcos,Senesi,102,31,-71
Ryan,Sessegnon,0,57,57
Luke,Shaw,31,5,-26
Fábio,Silva,8,0,-8
Luis,Sinisterra,43,23,-20
Oliver,Skipp,22,27,5
Adam,Smith,80,57,-23
Emile,Smith Rowe,25,114,89
Manor,Solomon,14,0,-14
Tomáš,Souček,116,126,10
Djed,Spence,0,51,51
Jay,Stansfield,0,1,1
Jason,Steele,42,9,-33
Raheem,Sterling,123,26,-97
John,Stones,53,29,-24
Dominik,Szoboszlai,99,143,44
Robert,Sánchez,59,126,67
Matt,Targett,2,2,0
James,Tarkowski,117,105,-12
Marcus,Tavernier,89,87,-2
Charlie,Taylor,47,6,-41
Diogo,Teixeira da Silva,110,87,-23
Kenny,Tete,27,49,22
Luke,Thomas,7,27,20
Youri,Tielemans,77,121,44
Kieran,Tierney,0,27,27
Jurriën,Timber,0,114,114
Harry,Toffolo,52,4,-48
Lucas,Tolentino Coelho de Lima,100,80,-20
Francisco Jorge,Tomás Oliveira,0,1,1
Sandro,Tonali,16,106,90
Ivan,Toney,57,0,-57
Pau,Torres,85,55,-30
Hamed,Traorè,3,0,-3
Adama,Traoré,36,95,59
Boubacar,Traoré,25,1,-24
Mark,Travers,19,19,0
Ryan,Trevitt,0,1,1
Kieran,Trippier,111,72,-39
Leandro,Trossard,138,152,14
Konstantinos,Tsimikas,48,43,-5
Matt,Turner,41,0,-41
Destiny,Udogie,79,43,-36
Lesley,Ugochukwu,13,47,34
Hákon,Valdimarsson,0,2,2
Bernardo,Veiga de Carvalho e Silva,141,110,-31
Joël,Veltman,49,59,10
Bart,Verbruggen,68,103,35
Guglielmo,Vicario,112,66,-46
Odysseas,Vlachodimos,12,0,-12
Alejo,Véliz,11,0,-11
Kyle,Walker,123,13,-110
Aaron,Wan-Bissaka,47,118,71
Joel,Ward,54,1,-53
James,Ward-Prowse,146,51,-95
Ollie,Watkins,228,186,-42
Adam,Webster,26,39,13
Danny,Welbeck,79,125,46
Timo,Werner,46,34,-12
Adam,Wharton,50,42,-8
Ethan,Wheatley,3,0,-3
Benjamin,White,182,50,-132
Joe,White,3,0,-3
Neco,Williams,39,109,70
Joe,Willock,18,46,28
Callum,Wilson,69,19,-50
Harry,Wilson,94,78,-16
Yoane,Wissa,131,185,54
Chris,Wood,131,200,69
Joe,Worrall,13,0,-13
Ryan,Yates,59,67,8
Ashley,Young,76,98,22
Illia,Zabarnyi,84,94,10
Oleksandr,Zinchenko,104,40,-64
Kurt,Zouma,76,0,-76
Richarlison,de Andrade,122,35,-87
Deivid Washington,de Souza Eugênio,2,0,-2
Antony Matheus,dos Santos,47,8,-39
Gabriel,dos Santos Magalhães,149,117,-32
Danilo,dos Santos de Oliveira,65,11,-54
Igor Julio,dos Santos de Paulo,37,18,-19
Virgil,van Dijk,117,143,26
Jan Paul,van Hecke,61,87,26
Micky,van de Ven,81,32,-49
Sepp,van den Berg,0,62,62
Julián,Álvarez,158,0,-158
Edson,Álvarez Velázquez,62,40,-22
Martin,Ødegaard,186,116,-70
Enes,Ünal,40,32,-8
