position,winning_model,actual_points,predicted_points
GK,RandomForest,20.0,63.8875
GK,RandomForest,0.0,3.25656512605042
GK,RandomForest,135.0,115.02
GK,RandomForest,0.0,0.1225
GK,RandomForest,115.0,135.0825
GK,RandomForest,17.0,6.149166666666668
GK,RandomForest,0.0,0.085
GK,RandomForest,0.0,0.085
GK,RandomForest,0.0,0.085
GK,RandomForest,0.0,3.25656512605042
GK,RandomForest,0.0,0.085
GK,RandomForest,0.0,3.070273109243698
GK,RandomForest,0.0,3.24156512605042
GK,RandomForest,110.0,96.5075
GK,RandomForest,0.0,0.8225
GK,RandomForest,19.0,8.960635416666667
GK,RandomForest,2.0,5.764453452918548
GK,RandomForest,0.0,3.25406512605042
GK,RandomForest,0.0,0.54
GK,RandomForest,0.0,0.1225
GK,RandomForest,119.0,119.545
GK,RandomForest,4.0,3.745
GK,RandomForest,0.0,3.25406512605042
GK,RandomForest,0.0,3.25406512605042
GK,RandomForest,0.0,0.54
GK,RandomForest,0.0,0.09
GK,RandomForest,42.0,11.680075186366324
GK,RandomForest,68.0,51.155091256100725
GK,RandomForest,0.0,3.2811667744020685
GK,RandomForest,47.0,7.511354678164971
GK,RandomForest,0.0,3.32906512605042
GK,RandomForest,0.0,3.2936667744020682
GK,RandomForest,70.0,47.21381494031125
GK,RandomForest,59.0,46.71
GK,RandomForest,0.0,125.695
GK,RandomForest,-1.0,0.09
GK,RandomForest,0.0,3.35906512605042
GK,RandomForest,0.0,3.4161667744020683
GK,RandomForest,0.0,3.35406512605042
GK,RandomForest,71.0,118.5975
GK,RandomForest,0.0,3.35406512605042
GK,RandomForest,0.0,3.35406512605042
GK,RandomForest,0.0,73.83294117647058
GK,RandomForest,68.0,12.671525485724182
GK,RandomForest,1.0,0.53
GK,RandomForest,0.0,3.3936667744020683
GK,RandomForest,48.0,81.5575
GK,RandomForest,153.0,97.5475
GK,RandomForest,0.0,3.3936667744020683
GK,RandomForest,0.0,0.53
GK,RandomForest,0.0,3.42906512605042
GK,RandomForest,133.0,93.9725
GK,RandomForest,-1.0,3.4475
GK,RandomForest,0.0,3.42906512605042
GK,RandomForest,0.0,0.9
GK,RandomForest,107.0,127.5825
GK,RandomForest,34.0,6.97
GK,RandomForest,0.0,3.42906512605042
GK,RandomForest,0.0,3.42906512605042
GK,RandomForest,0.0,3.42906512605042
GK,RandomForest,1.0,7.374078437243566
GK,RandomForest,0.0,3.46156512605042
GK,RandomForest,86.0,51.10195454545455
GK,RandomForest,0.0,43.41999045578496
GK,RandomForest,0.0,0.795
GK,RandomForest,112.0,126.5875
GK,RandomForest,22.0,25.404391826923074
GK,RandomForest,0.0,0.53
GK,RandomForest,0.0,1.39
GK,RandomForest,133.0,122.4125
GK,RandomForest,0.0,3.11984637605042
GK,RandomForest,0.0,3.496743697478992
GK,RandomForest,0.0,3.18484637605042
GK,RandomForest,0.0,0.87
GK,RandomForest,75.0,3.2427325581395348
GK,RandomForest,0.0,0.53
GK,RandomForest,57.0,119.5725
GK,RandomForest,1.0,0.805
GK,RandomForest,41.0,1.435
GK,RandomForest,0.0,2.305
GK,RandomForest,0.0,6.293617841642791
GK,RandomForest,0.0,0.53
GK,RandomForest,12.0,49.876954545454545
GK,RandomForest,34.0,49.876954545454545
GK,RandomForest,0.0,3.4917436974789915
GK,RandomForest,0.0,3.52586434034183
GK,RandomForest,70.0,43.120990455784955
GK,RandomForest,15.0,50.80445454545455
GK,RandomForest,0.0,1.39
GK,RandomForest,0.0,14.235308192031983
GK,RandomForest,0.0,104.3275
GK,RandomForest,112.0,133.415
GK,RandomForest,0.0,3.4467436974789916
GK,RandomForest,116.0,2.212781414599682
GK,RandomForest,24.0,22.54484366925065
GK,RandomForest,0.0,0.09
GK,RandomForest,18.0,9.83
GK,RandomForest,0.0,3.4467436974789916
GK,RandomForest,107.0,106.53
GK,RandomForest,0.0,1.2475
DEF,Ridge,3.0,-0.5359461928569544
DEF,Ridge,149.0,91.8963069703549
DEF,Ridge,67.0,6.874497640416969
DEF,Ridge,164.0,113.48120963730699
DEF,Ridge,0.0,38.193721930457244
DEF,Ridge,70.0,38.57193573939365
DEF,Ridge,182.0,124.54772982439768
DEF,Ridge,104.0,57.53710737388011
DEF,Ridge,0.0,54.19032598654108
DEF,Ridge,0.0,4.691926931109428
DEF,Ridge,0.0,18.141808109204348
DEF,Ridge,49.0,61.393960417380036
DEF,Ridge,64.0,51.99100746511501
DEF,Ridge,6.0,2.0407048510987096
DEF,Ridge,55.0,22.07544670612374
DEF,Ridge,85.0,51.784572282169336
DEF,Ridge,0.0,-6.2915540278478375
DEF,Ridge,91.0,71.32986518180189
DEF,Ridge,0.0,42.89493768644024
DEF,Ridge,85.0,54.19032598654108
DEF,Ridge,24.0,49.81039704619688
DEF,Ridge,3.0,18.141808109204348
DEF,Ridge,1.0,18.141808109204348
DEF,Ridge,0.0,28.68612312347196
DEF,Ridge,5.0,-1.146686098511985
DEF,Ridge,48.0,60.358883421642076
DEF,Ridge,16.0,50.512900348715675
DEF,Ridge,102.0,47.77148246878041
DEF,Ridge,80.0,63.4305755466504
DEF,Ridge,84.0,25.392565047912264
DEF,Ridge,59.0,40.96492797903254
DEF,Ridge,0.0,4.691926931109428
DEF,Ridge,28.0,40.969687850365275
DEF,Ridge,0.0,18.233514178251486
DEF,Ridge,68.0,29.199206183843366
DEF,Ridge,0.0,4.3977960870006925
DEF,Ridge,84.0,64.82620082683607
DEF,Ridge,0.0,0.8599347793625327
DEF,Ridge,13.0,59.87874633835932
DEF,Ridge,17.0,32.9252031944168
DEF,Ridge,39.0,72.18527480936766
DEF,Ridge,77.0,61.312169740060085
DEF,Ridge,75.0,42.50036669696735
DEF,Ridge,29.0,43.34094949295134
DEF,Ridge,74.0,28.011610065536807
DEF,Ridge,0.0,18.233514178251486
DEF,Ridge,0.0,18.233514178251486
DEF,Ridge,0.0,18.233514178251486
DEF,Ridge,0.0,18.233514178251486
DEF,Ridge,89.0,97.13244038018783
DEF,Ridge,57.0,48.602844347011136
DEF,Ridge,0.0,18.233514178251486
DEF,Ridge,31.0,8.86536078640141
DEF,Ridge,61.0,10.865158258128908
DEF,Ridge,49.0,33.236566653587644
DEF,Ridge,26.0,35.28884857331251
DEF,Ridge,37.0,35.72254973703954
DEF,Ridge,0.0,18.22879835444634
DEF,Ridge,0.0,18.22879835444634
DEF,Ridge,5.0,18.22879835444634
DEF,Ridge,4.0,8.70710680208289
DEF,Ridge,0.0,18.22879835444634
DEF,Ridge,19.0,1.4623952670538998
DEF,Ridge,30.0,9.02319398976401
DEF,Ridge,0.0,9.02319398976401
DEF,Ridge,15.0,9.02319398976401
DEF,Ridge,0.0,18.140993329268692
DEF,Ridge,69.0,40.563496328666076
DEF,Ridge,12.0,34.2245919530271
DEF,Ridge,47.0,9.210565227101377
DEF,Ridge,0.0,18.086711154432532
DEF,Ridge,60.0,40.47668479847069
DEF,Ridge,0.0,18.099293881293658
DEF,Ridge,7.0,18.099293881293658
DEF,Ridge,25.0,18.099293881293658
DEF,Ridge,15.0,18.099293881293658
DEF,Ridge,0.0,-1.146686098511985
DEF,Ridge,0.0,50.282015995351344
DEF,Ridge,0.0,18.099293881293658
DEF,Ridge,35.0,20.016019391904983
DEF,Ridge,39.0,36.351901721578045
DEF,Ridge,24.0,67.77591968863439
DEF,Ridge,65.0,51.95256432146492
DEF,Ridge,44.0,58.66449142086341
DEF,Ridge,0.0,39.83198595780356
DEF,Ridge,74.0,34.7710118393368
DEF,Ridge,11.0,55.44586346968113
DEF,Ridge,0.0,5.9631464363421
DEF,Ridge,98.0,74.89333868244982
DEF,Ridge,71.0,69.32177266199756
DEF,Ridge,0.0,-2.606339355917335
DEF,Ridge,20.0,4.691926931109428
DEF,Ridge,0.0,18.13789538813857
DEF,Ridge,0.0,4.691926931109428
DEF,Ridge,1.0,18.13789538813857
DEF,Ridge,0.0,18.13789538813857
DEF,Ridge,0.0,28.411606719072427
DEF,Ridge,121.0,71.63100222780281
DEF,Ridge,52.0,41.375119186607385
DEF,Ridge,66.0,50.47636677725812
DEF,Ridge,119.0,76.62230405856566
DEF,Ridge,0.0,18.13789538813857
DEF,Ridge,62.0,3.3653996898625564
DEF,Ridge,3.0,8.555081780656323
DEF,Ridge,54.0,53.42785719320767
DEF,Ridge,0.0,4.691926931109428
DEF,Ridge,56.0,46.36873941190636
DEF,Ridge,124.0,31.058849207707556
DEF,Ridge,30.0,49.25279197225291
DEF,Ridge,37.0,34.35591521479803
DEF,Ridge,18.0,29.162562297219004
DEF,Ridge,101.0,74.24014920670103
DEF,Ridge,34.0,44.55282258271945
DEF,Ridge,117.0,88.38397022975514
DEF,Ridge,76.0,42.378546493712726
DEF,Ridge,0.0,18.17845824490716
DEF,Ridge,43.0,51.34859554827997
DEF,Ridge,0.0,6.085331255605681
DEF,Ridge,0.0,5.406489901942592
DEF,Ridge,40.0,66.69954502025783
DEF,Ridge,104.0,69.1536287084807
DEF,Ridge,27.0,55.43631082103562
DEF,Ridge,66.0,47.30870135847555
DEF,Ridge,66.0,41.08208516701549
DEF,Ridge,0.0,9.738664676181884
DEF,Ridge,105.0,68.36876849920104
DEF,Ridge,5.0,46.32077921483527
DEF,Ridge,0.0,18.183342635020352
DEF,Ridge,122.0,191.62565783381643
DEF,Ridge,76.0,46.31315558216933
DEF,Ridge,56.0,54.295759892719296
DEF,Ridge,21.0,30.90444671440356
DEF,Ridge,0.0,12.206890678399944
DEF,Ridge,76.0,121.61958801554432
DEF,Ridge,48.0,26.41726086040639
DEF,Ridge,0.0,4.654042593322146
DEF,Ridge,117.0,130.75805186750054
DEF,Ridge,49.0,18.190780608346067
DEF,Ridge,0.0,4.654042593322146
DEF,Ridge,0.0,9.19334382251698
DEF,Ridge,50.0,22.945649772595754
DEF,Ridge,1.0,46.31342701546299
DEF,Ridge,0.0,18.23995391420123
DEF,Ridge,15.0,3.5001173429907197
DEF,Ridge,35.0,3.5001173429907197
DEF,Ridge,40.0,18.106687830109724
DEF,Ridge,101.0,34.463244392291415
DEF,Ridge,41.0,41.67851678101161
DEF,Ridge,0.0,9.130804388944483
DEF,Ridge,42.0,9.130804388944483
DEF,Ridge,11.0,29.258694427063347
DEF,Ridge,23.0,29.258694427063347
DEF,Ridge,34.0,18.145288922422864
DEF,Ridge,0.0,18.145288922422864
DEF,Ridge,0.0,18.145288922422864
DEF,Ridge,4.0,18.145288922422864
DEF,Ridge,0.0,18.145288922422864
DEF,Ridge,112.0,76.29928702679727
DEF,Ridge,99.0,66.76044361547237
DEF,Ridge,0.0,56.91463118139601
DEF,Ridge,88.0,79.5164527745213
DEF,Ridge,1.0,43.4975040431773
DEF,Ridge,52.0,33.380836659393935
DEF,Ridge,9.0,-1.2591716450891326
DEF,Ridge,53.0,72.86323689470318
DEF,Ridge,123.0,99.08605480907276
DEF,Ridge,123.0,77.13653550208815
DEF,Ridge,0.0,16.47659624765223
DEF,Ridge,0.0,8.138641771265327
DEF,Ridge,0.0,4.587793660413041
DEF,Ridge,111.0,70.36616334254228
DEF,Ridge,0.0,18.140529051090134
DEF,Ridge,62.0,47.43526169018543
DEF,Ridge,73.0,17.840987176645847
DEF,Ridge,0.0,32.86720330046394
DEF,Ridge,15.0,56.005992541126645
DEF,Ridge,44.0,68.52505683444393
DEF,Ridge,31.0,64.71782512040343
DEF,Ridge,47.0,38.20052521463843
DEF,Ridge,49.0,14.594207901563735
DEF,Ridge,5.0,8.76454209889748
DEF,Ridge,0.0,4.691926931109428
DEF,Ridge,0.0,18.101843271371887
DEF,Ridge,0.0,18.101843271371887
DEF,Ridge,0.0,18.101843271371887
DEF,Ridge,38.0,7.590820389405131
DEF,Ridge,0.0,7.4124866471928215
DEF,Ridge,51.0,64.41997155916945
DEF,Ridge,97.0,73.08576237244264
DEF,Ridge,33.0,38.7138332426981
DEF,Ridge,46.0,-12.068913736977507
DEF,Ridge,0.0,7.263134634479258
DEF,Ridge,0.0,8.75033657064533
DEF,Ridge,123.0,105.17806158215774
DEF,Ridge,2.0,14.506410450369252
DEF,Ridge,111.0,119.68820739929606
DEF,Ridge,0.0,18.101843271371887
DEF,Ridge,5.0,0.835940789824285
DEF,Ridge,45.0,3.8496970901063463
DEF,Ridge,2.0,8.768307922710491
DEF,Ridge,11.0,-2.606339355917335
DEF,Ridge,27.0,59.48117563514972
DEF,Ridge,0.0,2.856673700682414
DEF,Ridge,58.0,40.99232563042723
DEF,Ridge,0.0,38.36263095438459
DEF,Ridge,0.0,4.658802464654876
DEF,Ridge,7.0,42.415304848240226
DEF,Ridge,0.0,23.784382277344456
DEF,Ridge,0.0,1.7726204162987145
DEF,Ridge,12.0,40.84946462086144
DEF,Ridge,29.0,51.232185744373666
DEF,Ridge,0.0,4.691926931109428
DEF,Ridge,0.0,19.99445043609385
DEF,Ridge,52.0,40.027063432981585
DEF,Ridge,39.0,42.578281076486924
DEF,Ridge,13.0,49.15613914291789
DEF,Ridge,45.0,46.470645607455666
DEF,Ridge,0.0,8.768307922710491
DEF,Ridge,28.0,41.28580953433572
DEF,Ridge,58.0,46.4773193236005
DEF,Ridge,11.0,46.4773193236005
DEF,Ridge,28.0,8.803871590296914
DEF,Ridge,1.0,13.610006400047869
DEF,Ridge,31.0,34.504839531688354
DEF,Ridge,21.0,3.7045953337279514
DEF,Ridge,8.0,8.856195744541402
DEF,Ridge,63.0,46.43369547619205
DEF,Ridge,1.0,28.03757788122607
DEF,Ridge,13.0,34.38187647623154
DEF,Ridge,2.0,8.900438949567643
DEF,Ridge,33.0,34.33092186699985
DEF,Ridge,10.0,34.33092186699985
DEF,Ridge,0.0,8.9002046602387
DEF,Ridge,7.0,23.23847768640624
DEF,Ridge,0.0,17.994562916847453
DEF,Ridge,0.0,17.994562916847453
DEF,Ridge,1.0,17.994562916847453
DEF,Ridge,34.0,46.48130360161274
DEF,Ridge,34.0,46.48130360161274
DEF,Ridge,34.0,46.48130360161274
DEF,Ridge,34.0,46.48130360161274
DEF,Ridge,34.0,34.47121431097898
DEF,Ridge,34.0,34.47121431097898
DEF,Ridge,34.0,34.47121431097898
DEF,Ridge,34.0,34.47121431097898
DEF,Ridge,2.0,34.079583206733346
DEF,Ridge,27.0,26.673053064972613
DEF,Ridge,136.0,100.15156546529582
DEF,Ridge,6.0,37.609430081884014
DEF,Ridge,0.0,4.687167059776698
DEF,Ridge,107.0,81.93171700556162
DEF,Ridge,0.0,39.36279037718322
DEF,Ridge,0.0,25.188083943576952
DEF,Ridge,0.0,36.6200580778127
DEF,Ridge,0.0,11.175567524022885
DEF,Ridge,79.0,67.7703225139756
DEF,Ridge,81.0,41.28701425637228
DEF,Ridge,0.0,18.033119551882283
DEF,Ridge,0.0,18.033119551882283
DEF,Ridge,14.0,27.945968469021146
DEF,Ridge,36.0,30.22955665444156
DEF,Ridge,85.0,46.53297346225719
DEF,Ridge,10.0,35.43256293071758
DEF,Ridge,82.0,38.82363551830908
DEF,Ridge,17.0,39.78062763635828
DEF,Ridge,2.0,51.66192402295909
DEF,Ridge,76.0,54.044207157449144
DEF,Ridge,19.0,32.862472139863385
DEF,Ridge,40.0,46.53297346225719
DEF,Ridge,1.0,4.687167059776698
DEF,Ridge,0.0,17.996295445190686
DEF,Ridge,77.0,46.078548159333536
DEF,Ridge,0.0,17.996295445190686
DEF,Ridge,29.0,48.07945451642408
DEF,Ridge,69.0,49.40575562416426
DEF,Ridge,0.0,17.996295445190686
DEF,Ridge,1.0,32.683146208055135
DEF,Ridge,82.0,77.64830983937136
DEF,Ridge,63.0,55.15437621937967
DEF,Ridge,82.0,34.16111606390416
DEF,Ridge,41.0,20.373693856819244
DEF,Ridge,13.0,46.45151191285822
DEF,Ridge,0.0,18.03489917296012
DEF,Ridge,0.0,18.03489917296012
DEF,Ridge,0.0,18.03489917296012
MID,Ridge,6.0,5.887030459736714
MID,Ridge,24.0,31.371176829575585
MID,Ridge,180.0,134.03729442669578
MID,Ridge,44.0,57.62926230904735
MID,Ridge,0.0,-6.104213399990989
MID,Ridge,118.0,120.83241130799294
MID,Ridge,186.0,148.8357911584598
MID,Ridge,24.0,73.65180668246938
MID,Ridge,0.0,8.182979617283756
MID,Ridge,226.0,135.41751214746802
MID,Ridge,25.0,16.394221117140184
MID,Ridge,138.0,76.43765795931455
MID,Ridge,0.0,103.82528280610762
MID,Ridge,165.0,95.83237097396349
MID,Ridge,16.0,19.75895204157402
MID,Ridge,0.0,12.124847672535985
MID,Ridge,0.0,12.124847672535985
MID,Ridge,0.0,12.124847672535985
MID,Ridge,1.0,-5.086777301356214
MID,Ridge,0.0,4.3299729818170505
MID,Ridge,148.0,62.244732855362514
MID,Ridge,0.0,82.8273508646291
MID,Ridge,2.0,37.34388087727843
MID,Ridge,20.0,34.72701679638998
MID,Ridge,148.0,84.62509212789946
MID,Ridge,10.0,1.4821329651330544
MID,Ridge,40.0,45.61706776664358
MID,Ridge,119.0,69.8750052168183
MID,Ridge,1.0,4.3299729818170505
MID,Ridge,29.0,94.3449517455281
MID,Ridge,0.0,4.123631465470432
MID,Ridge,77.0,58.78493920805308
MID,Ridge,2.0,20.875077419264336
MID,Ridge,142.0,80.90129052223068
MID,Ridge,2.0,12.124847672535985
MID,Ridge,34.0,54.20703443953983
MID,Ridge,0.0,4.3299729818170505
MID,Ridge,35.0,37.35320325960764
MID,Ridge,0.0,4.336830753519713
MID,Ridge,3.0,29.794474397937833
MID,Ridge,60.0,67.490272286716
MID,Ridge,23.0,3.928011166993535
MID,Ridge,90.0,49.289090513350345
MID,Ridge,77.0,35.0961636298748
MID,Ridge,0.0,8.514110533666248
MID,Ridge,0.0,11.326011306833735
MID,Ridge,100.0,16.089656693112257
MID,Ridge,0.0,5.886190502776486
MID,Ridge,0.0,-5.682325022251312
MID,Ridge,56.0,31.870928861789558
MID,Ridge,0.0,6.428066348367452
MID,Ridge,13.0,28.13367068067338
MID,Ridge,89.0,51.54323265239844
MID,Ridge,3.0,24.80112689603179
MID,Ridge,41.0,31.05566448495846
MID,Ridge,5.0,60.375264812830935
MID,Ridge,43.0,61.30323719954444
MID,Ridge,4.0,37.457605706160685
MID,Ridge,1.0,11.84287792425868
MID,Ridge,0.0,5.284050861686097
MID,Ridge,19.0,14.02068393988273
MID,Ridge,0.0,4.343688525222376
MID,Ridge,0.0,6.2822524955324255
MID,Ridge,45.0,27.65649617711439
MID,Ridge,3.0,36.34494326515873
MID,Ridge,93.0,61.515848654864875
MID,Ridge,98.0,66.9301112434639
MID,Ridge,73.0,12.130611404269253
MID,Ridge,127.0,118.81789274945314
MID,Ridge,74.0,48.01767972038256
MID,Ridge,39.0,25.179521802294204
MID,Ridge,33.0,37.41356487845601
MID,Ridge,0.0,5.284050861686097
MID,Ridge,33.0,4.062647333263634
MID,Ridge,8.0,4.336830753519713
MID,Ridge,0.0,12.292869632400112
MID,Ridge,26.0,5.128905782640018
MID,Ridge,3.0,12.292869632400112
MID,Ridge,0.0,12.292869632400112
MID,Ridge,97.0,37.15825649106025
MID,Ridge,0.0,2.359036160118656
MID,Ridge,0.0,6.094490129542891
MID,Ridge,57.0,17.109632289588927
MID,Ridge,14.0,26.25726487301887
MID,Ridge,20.0,41.2819160956956
MID,Ridge,61.0,23.700042936127033
MID,Ridge,153.0,112.71934857443713
MID,Ridge,0.0,4.343688525222376
MID,Ridge,30.0,31.425665144112614
MID,Ridge,39.0,110.39391103604635
MID,Ridge,28.0,33.01374981573039
MID,Ridge,74.0,77.25245008409937
MID,Ridge,21.0,2.436210845002101
MID,Ridge,0.0,5.438456598223183
MID,Ridge,42.0,-5.086777301356214
MID,Ridge,34.0,12.298581558862978
MID,Ridge,33.0,81.64388951150272
MID,Ridge,4.0,12.298581558862978
MID,Ridge,0.0,11.676420565470004
MID,Ridge,0.0,12.294857618348821
MID,Ridge,0.0,4.740639431997046
MID,Ridge,0.0,12.294857618348821
MID,Ridge,0.0,4.895720335314159
MID,Ridge,0.0,30.540753481150794
MID,Ridge,8.0,46.19231518274546
MID,Ridge,78.0,19.731894915659126
MID,Ridge,0.0,11.785013487573849
MID,Ridge,4.0,26.14311022026351
MID,Ridge,0.0,12.364131802603616
MID,Ridge,65.0,36.6147645589391
MID,Ridge,48.0,26.153677833904673
MID,Ridge,0.0,30.505127742692764
MID,Ridge,4.0,16.224741632061942
MID,Ridge,74.0,16.224741632061942
MID,Ridge,11.0,-7.133444654183201
MID,Ridge,40.0,26.100530454745027
MID,Ridge,82.0,26.100530454745027
MID,Ridge,82.0,36.391114591353514
MID,Ridge,18.0,36.391114591353514
MID,Ridge,3.0,30.424766324084178
MID,Ridge,20.0,44.87105454742626
MID,Ridge,84.0,65.16377275471285
MID,Ridge,1.0,-4.3644180456934905
MID,Ridge,16.0,8.65363326185826
MID,Ridge,77.0,40.73253144100474
MID,Ridge,129.0,54.611110122127414
MID,Ridge,76.0,38.02146302179482
MID,Ridge,94.0,47.75099261745302
MID,Ridge,0.0,38.3612670100539
MID,Ridge,123.0,55.300573336279925
MID,Ridge,0.0,33.79533644073709
MID,Ridge,244.0,65.71682702646444
MID,Ridge,0.0,36.43061333118507
MID,Ridge,11.0,40.02813082766893
MID,Ridge,13.0,12.374733039795913
MID,Ridge,1.0,43.19933289397518
MID,Ridge,0.0,12.989063354983266
MID,Ridge,1.0,12.989063354983266
MID,Ridge,0.0,12.989063354983266
MID,Ridge,11.0,12.989063354983266
MID,Ridge,0.0,12.989063354983266
MID,Ridge,1.0,12.989063354983266
MID,Ridge,0.0,12.989063354983266
MID,Ridge,16.0,-1.715735146653543
MID,Ridge,109.0,69.552914822789
MID,Ridge,21.0,64.35614431497838
MID,Ridge,0.0,3.3989226586467467
MID,Ridge,136.0,85.62831272182848
MID,Ridge,61.0,23.931949528322583
MID,Ridge,64.0,77.45106729527151
MID,Ridge,125.0,86.20929760533218
MID,Ridge,12.0,1.8417181452327611
MID,Ridge,66.0,55.06870228476461
MID,Ridge,16.0,26.154802841660914
MID,Ridge,8.0,4.364261840330364
MID,Ridge,8.0,-0.31153142148320256
MID,Ridge,0.0,13.022314314979688
MID,Ridge,50.0,35.89649342782319
MID,Ridge,0.0,4.37111961203302
MID,Ridge,0.0,12.476331926785981
MID,Ridge,20.0,1.5301373670516938
MID,Ridge,0.0,4.766530375894547
MID,Ridge,116.0,50.45854530749221
MID,Ridge,87.0,27.60198102360964
MID,Ridge,0.0,1.5301373670516938
MID,Ridge,0.0,80.67386584637444
MID,Ridge,73.0,54.26014630716345
MID,Ridge,124.0,69.75098125357361
MID,Ridge,66.0,48.66006999331987
MID,Ridge,26.0,44.48781166116491
MID,Ridge,18.0,13.06353484791449
MID,Ridge,1.0,12.53939977074242
MID,Ridge,92.0,73.7078882634491
MID,Ridge,0.0,13.044685655725146
MID,Ridge,0.0,13.044685655725146
MID,Ridge,1.0,5.22744949191064
MID,Ridge,102.0,89.47090108763129
MID,Ridge,127.0,58.397759552870944
MID,Ridge,70.0,35.68465103670671
MID,Ridge,0.0,15.748086055845853
MID,Ridge,92.0,60.577683113873604
MID,Ridge,0.0,-2.0987915972414655
MID,Ridge,0.0,-0.34372953417309304
MID,Ridge,43.0,8.817905260433768
MID,Ridge,91.0,82.8583260787122
MID,Ridge,47.0,63.22185716222776
MID,Ridge,94.0,29.37272762074857
MID,Ridge,94.0,65.594214787243
MID,Ridge,0.0,4.37111961203302
MID,Ridge,36.0,30.204533238273285
MID,Ridge,2.0,2.4251130416028417
MID,Ridge,0.0,1.5369951387543566
MID,Ridge,0.0,13.067309249784834
MID,Ridge,1.0,24.5272859465922
MID,Ridge,110.0,80.09513334595012
MID,Ridge,96.0,51.49910317825663
MID,Ridge,0.0,57.35742478943091
MID,Ridge,0.0,56.27483069002237
MID,Ridge,40.0,37.461524778145744
MID,Ridge,142.0,79.07821729917106
MID,Ridge,109.0,100.30441205879725
MID,Ridge,211.0,206.8672264208896
MID,Ridge,99.0,90.1881235871691
MID,Ridge,1.0,33.52787529869566
MID,Ridge,5.0,-0.08428371543570279
MID,Ridge,1.0,-0.9985131039678166
MID,Ridge,3.0,12.482067307666284
MID,Ridge,47.0,54.67389081564071
MID,Ridge,45.0,35.76790411642248
MID,Ridge,0.0,12.978981444630179
MID,Ridge,1.0,12.978981444630179
MID,Ridge,47.0,33.534666659846906
MID,Ridge,21.0,0.49956288181702035
MID,Ridge,31.0,16.749655270464498
MID,Ridge,0.0,30.07281795414362
MID,Ridge,44.0,26.020309120296307
MID,Ridge,0.0,30.069094013629467
MID,Ridge,0.0,13.10854660677159
MID,Ridge,11.0,35.516273567181855
MID,Ridge,0.0,12.889653702642207
MID,Ridge,0.0,12.889653702642207
MID,Ridge,0.0,13.141740432125104
MID,Ridge,0.0,12.897636482101106
MID,Ridge,35.0,16.866499287496048
MID,Ridge,78.0,12.914864354444795
MID,Ridge,101.0,0.6165280378807907
MID,Ridge,61.0,10.08533872195553
MID,Ridge,0.0,13.138016491610948
MID,Ridge,2.0,13.138016491610948
MID,Ridge,0.0,13.138016491610948
MID,Ridge,0.0,13.138016491610948
MID,Ridge,141.0,72.76898795119138
MID,Ridge,30.0,12.919897146251323
MID,Ridge,0.0,3.283505284540773
MID,Ridge,98.0,138.06988653334454
MID,Ridge,230.0,122.95499065347056
MID,Ridge,50.0,100.02010414302454
MID,Ridge,59.0,16.835049948534746
MID,Ridge,0.0,88.88374612835716
MID,Ridge,0.0,2.9181246115217263
MID,Ridge,159.0,101.54705324777268
MID,Ridge,32.0,67.78437020828056
MID,Ridge,98.0,81.64388951150272
MID,Ridge,0.0,13.137966030254745
MID,Ridge,0.0,13.137966030254745
MID,Ridge,0.0,13.137966030254745
MID,Ridge,23.0,75.80927090826825
MID,Ridge,23.0,2.4910730186234034
MID,Ridge,47.0,85.87120687553437
MID,Ridge,166.0,149.70601574669087
MID,Ridge,58.0,78.28986398128123
MID,Ridge,48.0,64.98249453985152
MID,Ridge,0.0,30.725942482298308
MID,Ridge,131.0,25.4508609430169
MID,Ridge,11.0,9.421263279771459
MID,Ridge,77.0,5.575085486803914
MID,Ridge,98.0,17.753790813918055
MID,Ridge,13.0,-2.678928449334798
MID,Ridge,108.0,127.74816730371833
MID,Ridge,3.0,82.11477875108187
MID,Ridge,1.0,9.64476760832357
MID,Ridge,7.0,12.942031386361926
MID,Ridge,1.0,13.10854660677159
MID,Ridge,26.0,35.409450743747726
MID,Ridge,0.0,13.142865439881344
MID,Ridge,77.0,93.78958619804696
MID,Ridge,42.0,11.520106213167402
MID,Ridge,153.0,84.50804647864055
MID,Ridge,0.0,18.299224354592287
MID,Ridge,183.0,85.43540950715567
MID,Ridge,0.0,13.008884204897257
MID,Ridge,0.0,1.550710682159682
MID,Ridge,45.0,81.18803754761714
MID,Ridge,0.0,4.37797738373569
MID,Ridge,110.0,73.71633560393339
MID,Ridge,82.0,46.14449070073084
MID,Ridge,17.0,-4.397740899918027
MID,Ridge,0.0,55.05449377952389
MID,Ridge,16.0,44.10028127781582
MID,Ridge,18.0,89.45524655141156
MID,Ridge,64.0,78.00942861092955
MID,Ridge,44.0,2.3655024809113243
MID,Ridge,1.0,13.141790893481307
MID,Ridge,3.0,13.141790893481307
MID,Ridge,0.0,13.141790893481307
MID,Ridge,109.0,2.4067455196379868
MID,Ridge,119.0,27.11835504251242
MID,Ridge,1.0,13.141790893481307
MID,Ridge,0.0,2.1830523586074477
MID,Ridge,0.0,13.141790893481307
MID,Ridge,65.0,43.439454787876386
MID,Ridge,0.0,45.76760279975721
MID,Ridge,142.0,70.16717775651978
MID,Ridge,12.0,25.424381870954313
MID,Ridge,40.0,37.16315907854094
MID,Ridge,0.0,-5.271153628965706
MID,Ridge,0.0,21.30295825862858
MID,Ridge,0.0,4.37797738373569
MID,Ridge,0.0,6.805395387361941
MID,Ridge,0.0,18.99568691339212
MID,Ridge,59.0,31.99627920412008
MID,Ridge,67.0,35.208728099851285
MID,Ridge,25.0,29.518934573055944
MID,Ridge,0.0,13.193623988837164
MID,Ridge,13.0,16.867050050166277
MID,Ridge,77.0,1.5575684538623378
MID,Ridge,0.0,9.943533489756021
MID,Ridge,3.0,29.240320953047412
MID,Ridge,42.0,25.45642376000281
MID,Ridge,38.0,25.45642376000281
MID,Ridge,14.0,20.39353135564209
MID,Ridge,73.0,35.032733138348405
MID,Ridge,26.0,10.074269683851007
MID,Ridge,108.0,29.19299948885706
MID,Ridge,7.0,21.519466390485395
MID,Ridge,1.0,10.107851381839303
MID,Ridge,1.0,10.107851381839303
MID,Ridge,62.0,35.01463300577758
MID,Ridge,19.0,13.341760859757464
MID,Ridge,0.0,13.341760859757464
MID,Ridge,131.0,74.80429975446478
MID,Ridge,32.0,50.811040365644686
MID,Ridge,44.0,29.377031915816154
MID,Ridge,12.0,13.639496988633063
MID,Ridge,39.0,72.58980651378798
MID,Ridge,130.0,70.15355753547573
MID,Ridge,47.0,25.36664480338323
MID,Ridge,117.0,94.79321467272285
MID,Ridge,0.0,10.149350144674415
MID,Ridge,122.0,54.445394220722
MID,Ridge,86.0,0.8561515810866709
MID,Ridge,22.0,26.967470350959974
MID,Ridge,213.0,143.7510068548674
MID,Ridge,14.0,28.394331912688358
MID,Ridge,0.0,4.384835155438346
MID,Ridge,2.0,13.34441025387158
MID,Ridge,0.0,13.34441025387158
MID,Ridge,10.0,13.60524133505379
MID,Ridge,20.0,77.87176971988549
MID,Ridge,182.0,121.38497351995463
MID,Ridge,13.0,14.337148651070116
MID,Ridge,0.0,-9.699820988658736
MID,Ridge,0.0,31.693668353748507
MID,Ridge,19.0,32.83639893477532
MID,Ridge,100.0,74.99756310265352
MID,Ridge,116.0,28.991722556486238
MID,Ridge,0.0,13.369929815132167
MID,Ridge,62.0,34.67042495603732
MID,Ridge,146.0,89.28496741844324
MID,Ridge,137.0,80.79044130436046
MID,Ridge,0.0,13.40305297009866
MID,Ridge,8.0,13.40305297009866
MID,Ridge,38.0,10.082387081779665
MID,Ridge,0.0,-0.310118755177605
MID,Ridge,0.0,5.177705893837846
MID,Ridge,0.0,33.8010027529553
MID,Ridge,0.0,10.082387081779665
MID,Ridge,125.0,35.08865663327438
MID,Ridge,75.0,21.251637595231422
MID,Ridge,0.0,9.979474559142353
MID,Ridge,95.0,40.91332894537832
MID,Ridge,86.0,48.48718177146567
MID,Ridge,0.0,58.222014977509986
MID,Ridge,99.0,17.53887557502586
MID,Ridge,25.0,2.091413586905645
MID,Ridge,1.0,34.595599149032296
MID,Ridge,45.0,28.952191719548843
MID,Ridge,0.0,13.43621402769693
MID,Ridge,8.0,10.153042870580933
MID,Ridge,0.0,13.421720671338555
MID,Ridge,0.0,13.421720671338555
MID,Ridge,0.0,5.332055263604737
MID,Ridge,0.0,34.482890486957594
MID,Ridge,0.0,13.504386723218694
FWD,RandomForest,0.0,3.166035611447376
FWD,RandomForest,85.0,100.35501626093337
FWD,RandomForest,71.0,33.39399478640941
FWD,RandomForest,0.0,14.652238095238095
FWD,RandomForest,50.0,17.09923076923077
FWD,RandomForest,228.0,116.02
FWD,RandomForest,0.0,27.1
FWD,RandomForest,14.0,36.3848444865817
FWD,RandomForest,107.0,7.582517384790991
FWD,RandomForest,175.0,108.2
FWD,RandomForest,40.0,27.1
FWD,RandomForest,0.0,1.124670745920746
FWD,RandomForest,57.0,141.305
FWD,RandomForest,131.0,66.27897634213653
FWD,RandomForest,76.0,32.91171264798073
FWD,RandomForest,0.0,4.63521284129527
FWD,RandomForest,69.0,41.71613771541313
FWD,RandomForest,104.0,39.91853153153153
FWD,RandomForest,0.0,35.70924581724582
FWD,RandomForest,79.0,82.43562231759657
FWD,RandomForest,0.0,4.347099714011478
FWD,RandomForest,2.0,5.013179707762137
FWD,RandomForest,75.0,26.68015476190476
FWD,RandomForest,2.0,24.34241666666667
FWD,RandomForest,41.0,39.238931369571816
FWD,RandomForest,0.0,29.873817888895754
FWD,RandomForest,50.0,30.814285714285717
FWD,RandomForest,85.0,24.066568075117367
FWD,RandomForest,0.0,56.06100000000001
FWD,RandomForest,0.0,60.61937781766997
FWD,RandomForest,142.0,99.58297244912086
FWD,RandomForest,29.0,62.1322220734726
FWD,RandomForest,2.0,4.626648247993835
FWD,RandomForest,2.0,4.626648247993835
FWD,RandomForest,0.0,4.626648247993835
FWD,RandomForest,0.0,4.626648247993835
FWD,RandomForest,79.0,56.62270993341914
FWD,RandomForest,165.0,22.851416666666665
FWD,RandomForest,0.0,4.502608974358971
FWD,RandomForest,0.0,4.482608974358971
FWD,RandomForest,0.0,4.626648247993835
FWD,RandomForest,0.0,4.626648247993835
FWD,RandomForest,101.0,40.19013513513514
FWD,RandomForest,0.0,6.408829248366013
FWD,RandomForest,16.0,24.872416666666666
FWD,RandomForest,1.0,1.2988525641025641
FWD,RandomForest,50.0,58.29855022651851
FWD,RandomForest,35.0,30.069801587301587
FWD,RandomForest,1.0,111.04516129032258
FWD,RandomForest,97.0,8.284325757575758
FWD,RandomForest,22.0,34.013908382261064
FWD,RandomForest,72.0,29.559380952380952
FWD,RandomForest,0.0,2.014046221833722
FWD,RandomForest,132.0,104.62123306248358
FWD,RandomForest,106.0,79.32067705036039
FWD,RandomForest,0.0,4.681588724184311
FWD,RandomForest,1.0,7.403698910738384
FWD,RandomForest,94.0,25.012416666666667
FWD,RandomForest,0.0,4.671588724184311
FWD,RandomForest,146.0,26.734599206349202
FWD,RandomForest,0.0,4.671588724184311
FWD,RandomForest,84.0,25.407416666666666
FWD,RandomForest,0.0,4.778802845553308
FWD,RandomForest,0.0,4.778802845553308
FWD,RandomForest,33.0,8.954050711715185
FWD,RandomForest,39.0,24.55741666666667
FWD,RandomForest,0.0,4.778802845553308
FWD,RandomForest,158.0,70.97640102244553
FWD,RandomForest,217.0,181.25
FWD,RandomForest,25.0,46.561143758690534
FWD,RandomForest,0.0,2.6387957189868945
FWD,RandomForest,112.0,87.60615030131162
FWD,RandomForest,0.0,4.778802845553308
FWD,RandomForest,3.0,4.778802845553308
FWD,RandomForest,172.0,91.92906844750101
FWD,RandomForest,69.0,89.40049450549449
FWD,RandomForest,1.0,4.778802845553308
FWD,RandomForest,1.0,4.335296154997393
FWD,RandomForest,67.0,64.21330732292918
FWD,RandomForest,0.0,33.469146499163536
FWD,RandomForest,0.0,6.710029155485038
FWD,RandomForest,0.0,4.335296154997393
FWD,RandomForest,131.0,25.886864864864865
FWD,RandomForest,25.0,29.126666666666665
FWD,RandomForest,0.0,4.768802845553307
FWD,RandomForest,0.0,4.768802845553307
FWD,RandomForest,4.0,4.768802845553307
FWD,RandomForest,82.0,10.81
FWD,RandomForest,11.0,25.167416666666668
FWD,RandomForest,1.0,28.516988095238094
FWD,RandomForest,66.0,44.95258258072783
FWD,RandomForest,0.0,45.290313956302626
FWD,RandomForest,25.0,14.882234319773794
FWD,RandomForest,11.0,23.837999999999997
FWD,RandomForest,0.0,4.768802845553307
FWD,RandomForest,2.0,5.033448280244894
FWD,RandomForest,0.0,4.768802845553307
FWD,RandomForest,0.0,189.215
FWD,RandomForest,4.0,2.3702480999392765
FWD,RandomForest,11.0,43.25258258072782
FWD,RandomForest,2.0,4.768802845553307
FWD,RandomForest,46.0,52.805
FWD,RandomForest,78.0,68.4914774632978
FWD,RandomForest,36.0,54.53035302852945
FWD,RandomForest,5.0,8.271
FWD,RandomForest,0.0,51.838311100331474
FWD,RandomForest,0.0,4.768802845553307
FWD,RandomForest,8.0,34.113922649732665
FWD,RandomForest,24.0,13.745
FWD,RandomForest,135.0,34.49233017742595
FWD,RandomForest,7.0,4.528442307692305
FWD,RandomForest,5.0,4.768802845553307
FWD,RandomForest,0.0,4.768802845553307
