position,winning_model,feature,importance
GK,RandomForest,price_now,0.5855614696866578
GK,RandomForest,1_years_past_ict_index_per_90,0.07040387034346314
GK,RandomForest,1_years_past_selected_by_percent,0.049739273269092554
GK,RandomForest,1_years_past_now_cost,0.029918866926114843
GK,RandomForest,1_years_past_total_points_per_90,0.027651780110037716
GK,RandomForest,1_years_past_total_points,0.024136472617767028
GK,RandomForest,1_years_past_goals_conceded,0.02106549629234248
GK,RandomForest,1_years_past_gw_saves,0.020464997925747717
GK,RandomForest,1_years_past_influence,0.01986711354789628
GK,RandomForest,1_years_past_creativity,0.018854661437078042
DEF,Ridge,1_years_past_minutes,37.8768119038948
DEF,Ridge,price_now,32.01586814289369
DEF,Ridge,1_years_past_total_points,24.648047636967053
DEF,Ridge,1_years_past_bps,16.56975999284793
DEF,Ridge,1_years_past_goals_conceded,8.301864417580266
DEF,Ridge,1_years_past_gw_games_played,8.217418195713316
DEF,Ridge,1_years_past_now_cost,8.015262042741648
DEF,Ridge,1_years_past_clean_sheets,6.467391158433172
DEF,Ridge,1_years_past_assists,4.7102089505272176
DEF,Ridge,1_years_past_yellow_cards,4.285009296503061
MID,Ridge,price_now,34.00496588266021
MID,Ridge,1_years_past_minutes,13.52245334643438
MID,Ridge,1_years_past_now_cost,11.179622069027008
MID,Ridge,1_years_past_goals_scored,9.84653728393916
MID,Ridge,1_years_past_total_points,8.12553427051343
MID,Ridge,1_years_past_bps,7.959043033096579
MID,Ridge,1_years_past_assists,7.608490876035534
MID,Ridge,1_years_past_threat,7.5093290258662355
MID,Ridge,1_years_past_goals_conceded,6.0471118723262975
MID,Ridge,1_years_past_selected_by_percent,3.7651495778550736
FWD,RandomForest,price_now,0.3942991765554958
FWD,RandomForest,1_years_past_creativity,0.09623463384733465
FWD,RandomForest,1_years_past_gw_minutes_per_game,0.05074619107556542
FWD,RandomForest,1_years_past_total_points_per_90,0.04787213247602757
FWD,RandomForest,1_years_past_bps,0.043230129298779015
FWD,RandomForest,1_years_past_bonus,0.037880708501252004
FWD,RandomForest,1_years_past_now_cost,0.03695731755803641
FWD,RandomForest,1_years_past_ict_index_per_90,0.036390259221190366
FWD,RandomForest,1_years_past_threat,0.034721529564610984
FWD,RandomForest,1_years_past_ict_index,0.030695132114244537
