position,feature,importance
GK,minutes,10.09903059161583
GK,bps,8.16009615596835
GK,ict_index,4.731755708656555
GK,influence,3.5358783902948816
GK,xP,2.5560094994630864
GK,value_mean3,2.464525082857697
GK,transfers_balance_mean3,2.3241386794320533
GK,transfers_balance_last,2.3200626393011605
GK,ict_index_mean7,2.3145765349358616
GK,team,2.0850602282993584
GK,team_goals_scored_mean3,2.0777848146704705
GK,team_goals_scored_mean5,2.063290957060125
GK,expected_assists_mean5,1.886430952600884
GK,selected,1.8266907258481764
GK,value,1.7710577846986688
GK,opponent_team,1.7638212221782863
GK,transfers_balance,1.7545198258660994
GK,selected_mean3,1.6628578638638771
GK,xP_mean5,1.4463182933895498
GK,xP_mean3,1.4036285837551181
GK,influence_mean5,1.3885727120496543
GK,total_points_mean7,1.3718235215628851
GK,team_goals_conceded_mean5,1.2695766978693217
GK,bps_mean3,1.262727919755648
GK,was_home,1.1977896291382606
GK,team_goals_conceded_mean3,1.1858410500424232
GK,ict_index_last,1.1654010655302556
GK,ict_index_mean5,1.1437429148774667
GK,bps_last,1.1282280167923264
GK,selected_last,1.1262515939568576
GK,total_points_last,1.0880594632217675
GK,xP_last,1.084488473902492
GK,expected_goals_conceded,1.0786045440398742
GK,value_last,1.0463950853985098
GK,team_goals_scored,1.039987129735638
GK,minutes_mean3,1.0158273879553135
GK,goals_conceded,1.002780350645863
GK,ict_index_mean3,0.9676875589632202
GK,saves,0.9358369251876373
GK,influence_mean3,0.9248581300574427
GK,influence_last,0.9063338204105963
GK,clean_sheets_mean5,0.8810643112951141
GK,team_goals_conceded,0.8693270822501279
GK,minutes_mean7,0.8455230948814206
GK,saves_mean7,0.8196717630046843
GK,total_points_mean3,0.7727353280069282
GK,expected_assists_mean3,0.7609805677792795
GK,expected_goal_involvements_mean3,0.7570986222246511
GK,expected_goals_conceded_mean3,0.7047821964313242
GK,clean_sheets,0.6720051466548299
GK,minutes_last,0.6659751316422218
GK,saves_mean3,0.6657317919246755
GK,starts_mean5,0.6602453343970707
GK,team_goals_scored_last,0.6145956255823111
GK,creativity_mean3,0.6122494386244018
GK,total_points_mean5,0.5976927198331404
GK,saves_last,0.5843555176002133
GK,saves_mean5,0.5811600604787369
GK,team_goals_conceded_last,0.5728012587024829
GK,minutes_mean5,0.5031514651991726
GK,expected_goals_conceded_mean5,0.4548478905854843
GK,bonus_mean3,0.4487604475311733
GK,expected_goals_conceded_last,0.40813270689377185
GK,expected_goal_involvements_mean5,0.3743470630126854
GK,starts_mean3,0.36940731711461533
GK,bps_mean5,0.3312545004569382
GK,clean_sheets_mean3,0.3092143745344469
GK,bonus_last,0.2654059883399732
GK,clean_sheets_last,0.261767166283013
GK,expected_assists_last,0.2572885134056393
GK,bonus_mean5,0.21762514250458953
GK,expected_goal_involvements,0.21213728218210234
GK,expected_goal_involvements_last,0.20281204993436497
GK,bonus,0.19808127654657307
GK,creativity_mean5,0.19548477743816764
GK,expected_assists,0.19535217536023786
GK,starts_last,0.11558656791728542
GK,creativity_last,0.1147382724095271
GK,starts,0.10956642822055225
GK,expected_goals_mean5,0.08785823142271622
GK,threat_mean5,0.05684628793392993
GK,creativity,0.051843452627713324
GK,expected_goals_mean3,0.01531466296120097
GK,expected_goals_last,0.013277018211062022
GK,threat_last,0.005834602354087793
GK,threat,0.004474249791854433
GK,threat_mean3,0.0028043106673048828
GK,expected_goals,0.0004422609966236249
DEF,minutes,7.371542923009476
DEF,bps,4.5931039487673475
DEF,ict_index,4.56589066519202
DEF,was_home,3.518606993259273
DEF,team,3.518431532087048
DEF,value,3.153712713045335
DEF,xP,2.9195016244960494
DEF,influence,2.765387292281424
DEF,opponent_team,2.6612256307887137
DEF,team_goals_scored_mean5,2.436557321927362
DEF,transfers_balance,2.2143075140095707
DEF,transfers_balance_mean3,2.009696755899121
DEF,selected,1.9421509227239582
DEF,team_goals_conceded,1.7751430442901734
DEF,value_mean3,1.5583561827697747
DEF,selected_mean3,1.4676901408544183
DEF,value_last,1.4486239148873559
DEF,transfers_balance_last,1.4320247178603476
DEF,team_goals_scored_last,1.4302020931424577
DEF,ict_index_mean7,1.4213386598785782
DEF,creativity,1.4058219617381034
DEF,team_goals_scored,1.3918705572900854
DEF,selected_last,1.3677115518958023
DEF,creativity_mean5,1.2163909935514703
DEF,influence_last,1.213849668675289
DEF,bps_last,1.185749101258118
DEF,goals_conceded,1.1831213851117037
DEF,ict_index_last,1.1756479955844286
DEF,minutes_mean7,1.1457283943730416
DEF,team_goals_conceded_mean5,1.1105660641307527
DEF,team_goals_scored_mean3,1.1034763779672205
DEF,expected_goals_conceded,1.0852310116555615
DEF,influence_mean3,1.007689658682729
DEF,threat,1.0068697882214679
DEF,creativity_last,1.000641587879099
DEF,team_goals_conceded_mean3,0.9995015760430787
DEF,threat_mean5,0.9524366448313654
DEF,xP_last,0.9218872632815245
DEF,minutes_last,0.9150065094185855
DEF,influence_mean5,0.9006018049662018
DEF,threat_mean3,0.8951629304866194
DEF,team_goals_conceded_last,0.8935895882726647
DEF,total_points_last,0.8915238447397654
DEF,total_points_mean7,0.8846343300864122
DEF,bps_mean3,0.8717691622049848
DEF,ict_index_mean5,0.8508539192129322
DEF,total_points_mean5,0.8500558101582236
DEF,bps_mean5,0.8243175618295457
DEF,ict_index_mean3,0.8094014395841042
DEF,minutes_mean5,0.7914013817614296
DEF,clean_sheets_mean3,0.7757959940464447
DEF,expected_goals_conceded_mean3,0.7662101188438436
DEF,threat_last,0.7298864119104447
DEF,minutes_mean3,0.6697926737011959
DEF,creativity_mean3,0.6596073623931006
DEF,starts_mean5,0.6050205800897814
DEF,expected_goal_involvements,0.580170726898378
DEF,xP_mean5,0.5775089671259949
DEF,expected_assists,0.52223259922209
DEF,clean_sheets_mean5,0.51357826894907
DEF,total_points_mean3,0.4984683409637742
DEF,expected_goal_involvements_mean3,0.47221620558552196
DEF,expected_goals_conceded_last,0.4462092859500787
DEF,clean_sheets_last,0.439484916356879
DEF,expected_goals,0.43247633470852453
DEF,xP_mean3,0.427489950782129
DEF,expected_goal_involvements_last,0.4180572043093403
DEF,starts_last,0.41479975887108805
DEF,expected_assists_last,0.408694247468089
DEF,expected_goals_conceded_mean5,0.4002460354249708
DEF,expected_goals_mean5,0.3884334638657271
DEF,bonus_mean3,0.37439357856166355
DEF,expected_goal_involvements_mean5,0.3448806917428272
DEF,clean_sheets,0.3307099035074892
DEF,assists_mean3,0.3243203897200776
DEF,expected_goals_mean3,0.31232886757748984
DEF,bonus_mean5,0.2937420768677801
DEF,starts_mean3,0.26957127995001295
DEF,expected_assists_mean5,0.26244006348801524
DEF,expected_assists_mean3,0.23067730782973245
DEF,goals_scored_mean3,0.2305162866978447
DEF,bonus,0.20714542114067874
DEF,bonus_last,0.12460451941907415
DEF,starts,0.12075504993802617
DEF,goals_scored,0.10667896220544619
DEF,expected_goals_last,0.09875377252768536
DEF,assists_last,0.06422137171138874
DEF,assists,0.05290516520369254
DEF,goals_scored_last,0.048971388382483036
MID,minutes,11.148499708502747
MID,ict_index,5.023722129211676
MID,value,4.528967159854657
MID,creativity,2.903635316933437
MID,value_last,2.895416993183622
MID,threat,2.649648039515047
MID,team,2.4648547426448295
MID,value_mean3,2.3379817315466775
MID,selected,2.3290437758211135
MID,xP,2.24737992263455
MID,opponent_team,1.9848093424028037
MID,transfers_balance,1.9773064950008585
MID,transfers_balance_mean3,1.8586770591025201
MID,ict_index_mean7,1.8332766877892224
MID,ict_index_mean5,1.7936571131902241
MID,transfers_balance_last,1.7722186500191415
MID,was_home,1.7244950455685133
MID,threat_mean5,1.698795333530965
MID,selected_last,1.5576177272550935
MID,expected_goals_conceded,1.510091179498018
MID,bps,1.4846902508347033
MID,influence,1.481220263869964
MID,minutes_last,1.4600407255280134
MID,selected_mean3,1.3500379683107182
MID,threat_mean3,1.214259606926394
MID,threat_last,1.161487462228001
MID,ict_index_mean3,1.0880151528175181
MID,creativity_last,1.0607537460592307
MID,total_points_mean5,1.0420687623881322
MID,minutes_mean3,0.9488893180898434
MID,total_points_mean7,0.9392492584390933
MID,team_goals_conceded,0.9311056209764965
MID,creativity_mean3,0.9198293398039613
MID,team_goals_conceded_mean5,0.9101073090471233
MID,team_goals_scored_mean3,0.9070391600724156
MID,creativity_mean5,0.8967699286758561
MID,minutes_mean5,0.8910416497390606
MID,ict_index_last,0.8878486252371403
MID,influence_last,0.8488511264739451
MID,xP_last,0.8469736163737714
MID,team_goals_scored,0.8439937421024425
MID,bps_last,0.8303579676068619
MID,minutes_mean7,0.8022614791479179
MID,team_goals_scored_last,0.7826039974399496
MID,goals_scored_mean5,0.7334123050610394
MID,team_goals_conceded_mean3,0.7025144534773168
MID,expected_goals,0.6952907290587452
MID,influence_mean3,0.6887257569505099
MID,team_goals_scored_mean5,0.6691210336044775
MID,xP_mean5,0.6518326975413871
MID,assists_mean5,0.6491131972991095
MID,team_goals_conceded_last,0.6273896039903764
MID,expected_goal_involvements,0.571236430011437
MID,expected_goals_mean3,0.5468571543529486
MID,bps_mean5,0.5450469525545731
MID,bps_mean3,0.5412102391301729
MID,goals_scored,0.5403825839854568
MID,expected_assists_last,0.5358224969145043
MID,total_points_last,0.5357696731498716
MID,xP_mean3,0.5291358300962169
MID,total_points_mean3,0.4971696497319589
MID,bonus_mean5,0.4878114741354652
MID,starts_last,0.48515812284925786
MID,expected_goals_last,0.4831563323820861
MID,starts_mean5,0.46055115490045984
MID,expected_goals_conceded_last,0.4418290326728278
MID,starts,0.43491348673636226
MID,bonus,0.42244145692963575
MID,influence_mean5,0.4203538220693602
MID,expected_assists,0.40615823218060393
MID,assists,0.4016995241433101
MID,expected_goals_conceded_mean3,0.3826095814707689
MID,expected_goal_involvements_last,0.38146261028186407
MID,expected_assists_mean5,0.3712865019461176
MID,expected_goals_mean5,0.3708650657613069
MID,goals_scored_mean3,0.3683699612413284
MID,bonus_mean3,0.3662248669504606
MID,assists_mean3,0.35804679697182484
MID,starts_mean3,0.30642321615993284
MID,expected_goal_involvements_mean5,0.28320064191288735
MID,expected_assists_mean3,0.25971538152522833
MID,expected_goal_involvements_mean3,0.2590442260786499
MID,expected_goals_conceded_mean5,0.25779006593087705
MID,goals_scored_last,0.22790918231921334
MID,bonus_last,0.2163044241714878
MID,assists_last,0.11705381997424469
FWD,minutes,12.686377900288235
FWD,value,4.471654310076029
FWD,team,4.309691377446707
FWD,selected,3.2366191296537723
FWD,creativity,3.1299272527351265
FWD,ict_index,2.891739743172092
FWD,transfers_balance_last,2.6952903790339446
FWD,influence,2.609838897772068
FWD,transfers_balance,2.43753665922321
FWD,opponent_team,2.074538476970308
FWD,value_last,2.024354491245233
FWD,transfers_balance_mean3,1.8970034654423154
FWD,xP,1.8252108283344353
FWD,value_mean3,1.823240603855637
FWD,threat,1.6658892232206015
FWD,creativity_mean3,1.5749759684856002
FWD,selected_last,1.5596882605394549
FWD,ict_index_mean5,1.4380212601579758
FWD,selected_mean3,1.1819766722489782
FWD,minutes_last,1.158382605430499
FWD,minutes_mean3,1.1503506290095538
FWD,influence_mean5,1.136547130253028
FWD,was_home,1.1010605652872563
FWD,bps_mean5,1.064019944596388
FWD,influence_last,1.0521898709606543
FWD,bps_mean3,1.0330015294998878
FWD,threat_last,1.0131669394029836
FWD,minutes_mean7,1.0092874684006272
FWD,creativity_mean5,1.0002370678936787
FWD,team_goals_conceded,1.0002029222943836
FWD,threat_mean5,0.98922249811184
FWD,team_goals_scored_mean3,0.9781893673009358
FWD,team_goals_scored_mean5,0.975581317297356
FWD,bps,0.9733112713707057
FWD,ict_index_last,0.9396921469567722
FWD,creativity_last,0.9396146281698319
FWD,ict_index_mean3,0.9312046065555524
FWD,threat_mean3,0.9221872530140758
FWD,minutes_mean5,0.9029788707877581
FWD,expected_assists,0.8297245424655694
FWD,ict_index_mean7,0.8179453253076717
FWD,team_goals_scored,0.8126153043000868
FWD,expected_assists_last,0.8035974086252837
FWD,total_points_last,0.7849821501404354
FWD,expected_goals_mean5,0.7726734571507753
FWD,xP_mean5,0.7611472028140465
FWD,team_goals_conceded_last,0.7578549221172578
FWD,starts_mean5,0.7368398667727407
FWD,total_points_mean3,0.721978076840272
FWD,team_goals_conceded_mean3,0.7185713122462036
FWD,total_points_mean5,0.7080915838698215
FWD,xP_mean3,0.686237092036501
FWD,bonus,0.6858556447200213
FWD,goals_scored_mean3,0.6771966671368922
FWD,influence_mean3,0.6554409404155629
FWD,bps_last,0.6420498567923092
FWD,expected_assists_mean5,0.6092289065851052
FWD,goals_scored,0.5858829071367448
FWD,team_goals_conceded_mean5,0.5791222131380646
FWD,expected_goal_involvements,0.5700655822791073
FWD,total_points_mean7,0.5639340942762884
FWD,team_goals_scored_last,0.5520480116129182
FWD,goals_scored_mean5,0.542947623971745
FWD,bonus_mean3,0.5232783650014757
FWD,expected_assists_mean3,0.5116633280387686
FWD,expected_goals_mean3,0.49021213708394584
FWD,expected_goals_conceded_mean5,0.4878869921548848
FWD,starts_mean3,0.47163154655938727
FWD,xP_last,0.4422208629067539
FWD,bonus_mean5,0.41891966759164495
FWD,starts_last,0.4073414346317512
FWD,starts,0.377776258257641
FWD,expected_goals_conceded_last,0.373003321509874
FWD,expected_goals,0.3436195420302941
FWD,expected_goal_involvements_last,0.3398148971047545
FWD,goals_scored_last,0.3360039488286649
FWD,expected_goals_last,0.3105087949455999
FWD,expected_goal_involvements_mean5,0.2934932828702768
FWD,expected_goals_conceded_mean3,0.2740232301622729
FWD,assists_mean3,0.27267717267284397
FWD,bonus_last,0.26110784915794927
FWD,assists_mean5,0.16190865445844188
FWD,expected_goals_conceded,0.15973965376342333
FWD,expected_goal_involvements_mean3,0.14455092935055033
FWD,assists,0.11381096213996979
FWD,assists_last,0.10477294353191445
