position,algorithm,test_mae,test_rmse,test_r2,unseen_mae,unseen_rmse,unseen_r2
GK,RandomForest,22.668503174603178,33.875935728430804,0.5756025155851702,15.719271111111109,25.40028453512497,0.6282962906595497
GK,HistGradientBoosting,27.554041345717184,36.58730126124774,0.5049478473094573,21.010916685523068,29.76591547377921,0.4895441091316396
GK,XGBoost,23.577714920043945,36.13646349797701,0.5170729756355286,19.747455596923828,28.013358063260977,0.5478838682174683
GK,LightGBM,25.509747696212386,35.15708678180221,0.5428950097686994,18.064258978238815,29.25671126121362,0.5068594184058327
GK,Ridge,29.153438393966322,41.187952215531155,0.3726200995316139,21.73690875312009,32.06162639698519,0.4077694179553958
GK,ElasticNet,23.961165387575377,35.728471313169486,0.5279162297588815,17.8118928564952,28.497797387389415,0.5321115542827015
DEF,RandomForest,29.534833308655134,35.84338342535664,0.2372177660451451,25.063528887032394,29.737855357033144,0.38951465696131016
DEF,HistGradientBoosting,31.171253642247603,38.77719062414598,0.10723890447702922,27.254633712639368,33.03658059657625,0.24656440847780114
DEF,XGBoost,30.693130493164062,37.60915428892446,0.16021192073822021,27.329984664916992,32.15742109444277,0.28613126277923584
DEF,LightGBM,32.05037085930338,39.535228332829725,0.07199337636353342,26.232305485933,32.03848572395981,0.29140201237291363
DEF,Ridge,25.77066491306952,32.76679526667064,0.3625435667087502,21.73230436956623,27.3685793197631,0.4829167612726428
DEF,ElasticNet,25.025588886606716,32.460131649706064,0.3744196092524431,21.24374630249513,26.41071697154143,0.5184777780057794
MID,RandomForest,29.194673108230806,37.25803567936439,0.4526592877357385,31.168860106668934,39.17109029740199,0.40991730801050974
MID,HistGradientBoosting,29.87696192238894,38.77393565936065,0.4072144410479446,29.50973201725009,38.84208793057031,0.41978802158576445
MID,XGBoost,28.483734130859375,38.97254329472706,0.4011261463165283,33.115745544433594,41.26249218986597,0.34522438049316406
MID,LightGBM,29.235891896730127,38.273932240358775,0.42240421964640695,32.07721613566317,39.48841231793162,0.4003181539195634
MID,Ridge,26.61631507634485,39.38778840319053,0.388296399443673,25.234660665975344,36.71254997911585,0.4816648534184116
MID,ElasticNet,26.269532033463566,38.43786040262343,0.41744591112553164,25.272316488987293,36.233147598154275,0.4951135880673482
FWD,RandomForest,28.08341242817318,41.41242651334479,0.4541757301395487,31.101130064871214,45.283925825817896,0.2943539911543701
FWD,HistGradientBoosting,29.24818737897127,44.080876739922154,0.3815680284278825,31.525027028477385,46.5078593770558,0.2556941197442715
FWD,XGBoost,29.17400360107422,43.9511461405765,0.3852028250694275,33.205074310302734,46.025874283011994,0.2710414528846741
FWD,LightGBM,27.328421092516564,41.5447933831708,0.4506809088369981,30.767969357800425,47.06325573816911,0.23781098767484954
FWD,Ridge,27.69109051603308,36.937291007549,0.5657682568747515,33.19989269393253,51.146033523425366,0.09983387267539323
FWD,ElasticNet,26.178317362557195,36.437356789415375,0.5774430818587021,31.305136607808592,49.26037139473386,0.1649853165559937
