position,approach,algorithm,n_features,test_mae,test_rmse,test_r2,unseen_mae,unseen_rmse,unseen_r2
GK,Task4 single (XGBoost),XGBoost,74,19.996328353881836,33.07041862285122,0.5955455303192139,14.783454895019531,26.469943293275463,0.5963307619094849
GK,Pruned single (XGBoost),XGBoost,40,19.141517639160156,32.4460790678165,0.6106728315353394,15.238216400146484,27.64712949894166,0.5596279501914978
GK,Pruned ensemble,Ensemble(XGBoost+RandomForest+ElasticNet),40,19.912277764392204,32.28578248525483,0.6145102511140417,15.53431455348189,27.323924681356786,0.569863902204374
DEF,Task4 single (ElasticNet),ElasticNet,74,25.18264793536699,32.39310974149205,0.37700027079010034,21.662489130012467,27.267757332783667,0.48671946750606565
DEF,Pruned single (ElasticNet),ElasticNet,14,25.204831050342364,32.379986292953795,0.37750496137369416,21.739689652712446,27.27876534032821,0.4863049606290468
DEF,Pruned ensemble,Ensemble(ElasticNet+Ridge+RandomForest),14,25.44040989983627,32.519487987631074,0.37212965483941796,21.027148225346814,27.104931522955752,0.49283113909461396
MID,Task4 single (Ridge),Ridge,74,26.459431663307612,39.07723402412235,0.39790436871094226,25.10839810628844,36.457193332655194,0.48885040736187313
MID,Pruned single (Ridge),Ridge,51,25.936406745607044,38.593623656055186,0.41271493104911783,24.93146684703982,36.29813922967667,0.4933007276001432
MID,Pruned ensemble,Ensemble(Ridge+ElasticNet+HistGradientBoosting),51,25.722795257273287,37.112872582678705,0.45691602802602427,25.816837768827927,36.270652542947225,0.49406783088331174
FWD,Task4 single (LightGBM),LightGBM,74,28.156730438684697,39.91926095596081,0.49282659646821003,30.532042380084782,44.76453741072169,0.3104481140334596
FWD,Pruned single (LightGBM),LightGBM,40,27.587974845944366,39.98635278958272,0.49112036306888174,30.798827796256482,45.25391983605034,0.2952888302398857
FWD,Pruned ensemble,Ensemble(LightGBM+ElasticNet+RandomForest),40,27.915918948866782,39.555450972436915,0.5020288683643575,30.561038949934826,44.883356610010125,0.30678267954487526
