position,algorithm,best_params,cv_mae,test_mae,test_rmse,test_r2,unseen_mae,unseen_rmse,unseen_r2
GK,RandomForest,"{'n_estimators': 300, 'min_samples_split': 2, 'min_samples_leaf': 8, 'max_features': None, 'max_depth': 20}",20.531980053456667,21.861389085724447,33.36284778501609,0.5883610813861382,16.62139657356041,27.09864202832553,0.5769275088117023
GK,ElasticNet,"{'max_iter': 10000, 'l1_ratio': 0.5, 'alpha': 10.0}",23.18013985014659,22.293100299963893,34.072355776343436,0.5706667496710394,18.125831400326145,28.87350434069823,0.5196932107851351
GK,XGBoost,"{'subsample': 0.9, 'reg_lambda': 2.0, 'reg_alpha': 0, 'n_estimators': 500, 'max_depth': 2, 'learning_rate': 0.01, 'colsample_bytree': 0.7}",21.05725034077962,19.996328353881836,33.07041862285122,0.5955455303192139,14.783454895019531,26.469943293275463,0.5963307619094849
DEF,ElasticNet,"{'max_iter': 10000, 'l1_ratio': 0.9, 'alpha': 10.0}",26.65354360723965,25.18264793536699,32.39310974149205,0.37700027079010034,21.662489130012467,27.267757332783667,0.48671946750606565
DEF,Ridge,{'alpha': 1.0},34.40184080684375,25.77066491306951,32.76679526667064,0.3625435667087502,21.73230436956621,27.368579319763093,0.48291676127264316
DEF,RandomForest,"{'n_estimators': 300, 'min_samples_split': 2, 'min_samples_leaf': 4, 'max_features': None, 'max_depth': 30}",26.486251185785097,28.674950686430748,35.24761692536856,0.26236401887491423,24.6138495956409,29.396102820026154,0.40346563480934394
MID,Ridge,{'alpha': 100.0},26.04684022946037,26.45943166330761,39.07723402412233,0.3979043687109427,25.10839810628844,36.45719333265517,0.4888504073618736
MID,ElasticNet,"{'max_iter': 10000, 'l1_ratio': 0.9, 'alpha': 1.0}",25.545800502256416,26.296140352137417,38.56848994082925,0.4134796091444186,25.246848810560376,36.24177586630008,0.4948731003194947
MID,HistGradientBoosting,"{'min_samples_leaf': 5, 'max_leaf_nodes': 15, 'max_iter': 200, 'max_depth': 3, 'learning_rate': 0.1, 'l2_regularization': 1.0}",26.252272744972355,27.040473330634246,36.963648346605964,0.46127453540799057,28.3716715504966,38.20622115734719,0.4386293187921222
FWD,LightGBM,"{'verbose': -1, 'subsample': 0.7, 'reg_lambda': 5.0, 'reg_alpha': 1.0, 'num_leaves': 127, 'n_estimators': 500, 'max_depth': 5, 'learning_rate': 0.01, 'colsample_bytree': 0.5}",29.360406317532362,28.156730438684697,39.91926095596081,0.49282659646821003,30.532042380084782,44.76453741072169,0.3104481140334596
FWD,RandomForest,"{'n_estimators': 300, 'min_samples_split': 2, 'min_samples_leaf': 4, 'max_features': None, 'max_depth': 30}",29.023080559555027,28.618027651495552,41.44386699014939,0.4533466316741249,31.464143092231826,45.16895061435219,0.29793269160474367
FWD,ElasticNet,"{'max_iter': 10000, 'l1_ratio': 0.9, 'alpha': 10.0}",29.71766665980549,27.25484399076004,37.23090952843546,0.5588373083260998,31.356171758976334,46.50650251015158,0.2557375493622671
